signal_date,entry_date,exit_date,entry_price,exit_price,sl,tp,pnl_pct,holding_bars,triggered,symbol
2023-07-04,2023-07-05,2024-01-02,12.1746,13.8255,11.3366,13.8255,13.44,122,TP,605599
2023-07-05,2023-07-06,2023-07-19,6.59,7.39,6.07,7.39,12.02,9,TP,002694
2023-07-05,2023-07-06,2023-07-14,29.28,27.8226,27.8226,35.8314,-5.08,6,SL,600732
2023-07-05,2023-07-06,2023-07-19,7.7607,7.0539,7.0539,9.1781,-9.21,9,SL,603269
2023-07-06,2023-07-07,2023-07-24,9.7236,9.4133,9.4133,11.1858,-3.3,11,SL,603926
2023-07-06,2023-07-07,2023-07-20,17.6499,16.6411,16.6411,21.1537,-5.82,9,SL,002126
2023-07-06,2023-07-07,2023-07-18,12.64,11.57,11.57,16.16,-8.57,7,SL,000037
2023-07-10,2023-07-11,2023-07-27,131.6925,144.8031,121.0769,140.823,9.83,12,TP,601799
2023-07-10,2023-07-11,2023-07-21,6.6117,6.3238,6.3238,7.437,-4.46,8,SL,603166
2023-07-10,2023-07-11,2023-08-04,11.3215,10.8124,10.8124,12.8979,-4.6,18,SL,002890
2023-07-10,2023-07-11,2023-07-19,20.2247,18.9587,18.9587,22.6179,-6.36,6,SL,002576
2023-07-11,2023-07-12,2023-08-01,14.3239,13.9202,13.9202,16.7245,-2.92,14,SL,603320
2023-07-11,2023-07-12,2023-07-14,46.3116,40.9389,42.645,54.452,-11.7,2,SL,002965
2023-07-14,2023-07-17,2023-07-21,7.4428,7.1112,7.1112,8.1435,-4.56,4,SL,002452
2023-07-17,2023-07-18,2023-07-25,2.21,2.47,2.03,2.47,11.64,4,TP,002470
2023-07-17,2023-07-18,2023-08-04,11.9642,11.5711,11.5711,13.0295,-3.39,13,SL,603041
2023-07-17,2023-07-18,2023-08-17,10.6789,10.31,10.31,11.9507,-3.56,22,SL,003003
2023-07-17,2023-07-18,2023-08-14,4.1601,3.9829,3.9829,4.4212,-4.37,19,SL,002266
2023-07-17,2023-07-18,2023-08-10,23.41,22.1365,22.1365,24.8722,-5.54,17,SL,605099
2023-07-17,2023-07-18,2023-08-07,10.6201,9.9599,9.9599,12.451,-6.32,14,SL,002790
2023-07-19,2023-07-20,2023-07-25,2.39,2.21,2.21,2.99,-7.63,3,SL,002482
2023-07-21,2023-07-24,2023-07-31,6.14,6.85,5.97,6.7468,11.44,5,TP,603838
2023-07-21,2023-07-24,2023-07-25,12.6291,12.9724,11.0606,12.9724,2.6,1,TP,603709
2023-07-21,2023-07-24,2023-07-28,4.3328,4.1772,4.1772,4.7374,-3.7,4,SL,601500
2023-07-21,2023-07-24,2023-08-07,7.5184,7.1624,7.1624,8.3076,-4.84,10,SL,603321
2023-07-21,2023-07-24,2023-10-19,6.3527,5.8031,5.8031,7.1294,-8.75,57,SL,000589
2023-07-24,2023-07-25,2023-08-22,14.5589,13.8215,13.8215,15.3412,-5.17,20,SL,002884
2023-07-26,2023-07-27,2023-08-08,4.3123,4.1837,4.1837,4.9255,-3.09,8,SL,600828
2023-07-26,2023-07-27,2023-08-17,16.5519,15.8917,15.8917,18.0527,-4.09,15,SL,002318
2023-07-27,2023-07-28,2023-08-08,5.5068,5.3112,5.3112,5.8367,-3.66,7,SL,002062
2023-07-27,2023-07-28,2023-08-07,5.5141,5.2114,5.2114,5.9095,-5.59,6,SL,603360
2023-07-28,2023-07-31,2023-08-02,2.7965,3.3578,2.7079,3.2298,19.94,2,TP,002471
2023-07-28,2023-07-31,2023-08-25,8.1819,7.6377,7.7268,8.9988,-6.75,19,SL,605196
2023-08-01,2023-08-02,2023-08-14,6.2172,5.7872,5.8214,6.4901,-7.02,8,SL,000157
2023-08-03,2023-08-04,2023-08-17,8.98,10.4,7.74,10.4,15.69,9,TP,603879
2023-08-03,2023-08-04,2023-08-29,2.6389,2.8508,2.3018,2.8508,7.91,17,TP,000897
2023-08-03,2023-08-04,2023-08-07,6.2,6.0,6.0,7.08,-3.33,1,SL,600149
2023-08-03,2023-08-04,2023-08-09,2.36,2.24,2.24,2.89,-5.19,3,SL,002470
2023-08-03,2023-08-04,2023-08-07,10.6814,9.9679,9.9679,12.0861,-6.78,1,SL,002244
2023-08-03,2023-08-04,2023-08-14,5.6541,5.2192,5.2192,6.1229,-7.79,6,SL,000060
2023-08-03,2023-08-04,2023-08-14,13.6063,11.8382,12.2898,14.2375,-13.09,6,SL,603506
2023-08-04,2023-08-07,2023-08-31,3.32,3.54,3.1,3.54,6.51,18,TP,600186
2023-08-04,2023-08-07,2023-08-14,9.9567,9.4352,9.4352,13.0854,-5.34,5,SL,600215
2023-08-04,2023-08-07,2023-08-09,3.04,2.83,2.83,3.38,-7.01,2,SL,002652
2023-08-07,2023-08-08,2023-08-11,93.4151,91.781,91.781,105.1713,-1.86,3,SL,600309
2023-08-07,2023-08-08,2023-08-11,14.8321,14.4935,14.4935,16.6108,-2.39,3,SL,600104
2023-08-07,2023-08-08,2023-08-14,12.4857,12.1509,12.1509,14.0672,-2.79,4,SL,601838
2023-08-07,2023-08-08,2023-08-23,9.5424,9.2469,9.2469,10.537,-3.2,11,SL,603687
2023-08-07,2023-08-08,2023-08-14,18.0534,16.9678,16.9678,19.9541,-6.12,4,SL,600741
2023-08-07,2023-08-08,2023-08-21,6.5272,6.0305,6.0305,6.8719,-7.71,9,SL,000783
2023-08-10,2023-08-11,2023-08-23,4.92,4.54,4.54,5.4,-7.83,8,SL,600376
2023-09-01,2023-09-04,2023-09-15,23.5439,23.9276,22.4452,23.9276,1.52,9,TP,000895
2023-09-08,2023-09-11,2023-09-12,7.87,9.27,6.79,9.05,17.66,1,TP,000766
2023-09-08,2023-09-11,2023-10-11,10.7218,11.1034,9.9834,11.1034,3.45,16,TP,603718
2023-09-08,2023-09-11,2023-09-22,15.6419,14.9606,14.9606,18.3302,-4.46,9,SL,000933
2023-09-08,2023-09-11,2023-10-16,27.9312,26.5997,26.5997,31.4369,-4.87,19,SL,603919
2023-09-08,2023-09-11,2023-09-13,20.838,18.4348,18.6706,26.8776,-11.63,2,SL,603220
2023-09-12,2023-09-13,2023-10-18,11.0777,10.3507,10.3507,11.7049,-6.67,19,SL,000830
2023-09-13,2023-09-14,2023-10-20,15.2659,14.4162,14.4162,16.8963,-5.67,20,SL,000923
2023-09-18,2023-09-19,2023-09-27,12.3875,11.9088,11.9088,13.4817,-3.97,6,SL,002237
2023-09-18,2023-09-19,2023-10-23,4.9607,4.6723,4.6723,5.5492,-5.92,18,SL,601918
2023-09-20,2023-09-21,2023-09-27,17.2641,16.7647,16.7647,20.0374,-3.0,4,SL,601699
2023-09-27,2023-09-28,2023-10-25,13.4697,14.5294,13.0636,14.5294,7.75,13,TP,603602
2023-09-27,2023-09-28,2023-10-18,8.7711,8.5525,8.5525,9.4633,-2.6,8,SL,600873
2023-09-27,2023-09-28,2023-10-13,8.2566,8.0194,8.0194,9.6005,-2.98,5,SL,600971
2023-10-16,2023-10-17,2023-11-15,26.4126,36.7099,23.9865,36.7099,38.83,21,TP,603220
2023-10-17,2023-10-18,2023-10-20,20.2752,18.3942,18.3942,24.1263,-9.38,2,SL,605333
2023-10-25,2023-10-26,2023-11-03,22.2656,24.0337,21.4306,24.0337,7.82,6,TP,600161
2023-10-30,2023-10-31,2023-12-19,12.7038,12.1735,12.1735,13.9587,-4.28,35,SL,000338
2023-11-01,2023-11-02,2023-11-03,9.1782,9.87,8.7398,9.87,7.42,1,TP,002783
2023-11-07,2023-11-08,2023-11-20,17.9128,20.5986,16.8236,20.5986,14.87,8,TP,000403
2023-11-10,2023-11-13,2023-11-17,11.69,13.2,10.47,12.26,12.79,4,TP,603598
2023-11-10,2023-11-13,2023-12-19,15.8764,14.8761,14.8761,18.1543,-6.4,26,SL,603602
2023-11-14,2023-11-15,2023-11-23,11.0351,13.1185,10.3672,13.1185,18.75,6,TP,000829
2023-11-14,2023-11-15,2023-12-22,5.4064,5.6643,5.1198,5.6643,4.66,27,TP,002442
2023-11-14,2023-11-15,2023-11-17,16.409,17.1745,14.6997,17.1745,4.55,2,TP,605555
2023-11-14,2023-11-15,2023-12-11,10.65,9.9,9.9,11.33,-7.14,18,SL,002055
2023-11-14,2023-11-15,2023-12-26,6.9193,6.2037,6.2037,7.1807,-10.44,29,SL,002600
2023-11-16,2023-11-17,2024-01-02,5.043,5.3779,4.6615,5.3779,6.52,31,TP,603111
2023-11-17,2023-11-20,2023-12-08,9.9256,9.4131,9.4131,11.0168,-5.27,14,SL,603050
2023-11-17,2023-11-20,2024-01-11,24.6886,22.8386,23.4116,27.9957,-7.6,37,SL,600161
2023-11-17,2023-11-20,2024-01-18,5.6213,5.1593,5.1593,5.6598,-8.32,42,SL,000612
2023-11-21,2023-11-22,2023-12-01,18.807,21.1858,17.6322,21.1858,12.52,7,TP,603358
2023-11-22,2023-11-23,2023-11-30,6.0018,6.6315,5.5984,6.6315,10.37,5,TP,600106
2023-11-22,2023-11-23,2023-12-05,31.063,29.9657,29.9657,35.7813,-3.64,8,SL,603068
2023-11-22,2023-11-23,2023-12-06,11.5021,10.6355,10.6552,12.4277,-7.64,9,SL,603687
2023-11-23,2023-11-24,2023-12-26,7.8408,8.5921,7.6578,8.5921,9.46,22,TP,600025
2023-11-23,2023-11-24,2023-12-14,19.67,17.58,17.58,22.16,-10.72,14,SL,002577
2023-11-24,2023-11-27,2023-11-30,11.7141,11.2869,11.2869,13.4131,-3.75,3,SL,600435
2023-11-27,2023-11-28,2023-12-05,8.8637,9.5909,8.5787,9.5909,8.09,5,TP,600218
2023-11-27,2023-11-28,2024-01-02,29.9013,32.2344,28.0568,32.2344,7.68,24,TP,603712
2023-11-27,2023-11-28,2023-12-06,7.88,8.35,7.47,8.35,5.85,6,TP,600135
2023-11-27,2023-11-28,2023-12-04,13.6557,13.232,13.232,15.4172,-3.21,4,SL,000534
2023-11-27,2023-11-28,2023-12-11,6.671,6.4634,6.4634,7.5604,-3.22,9,SL,002272
2023-11-27,2023-11-28,2023-12-08,5.02,4.77,4.77,5.36,-5.08,8,SL,002109
2023-11-27,2023-11-28,2023-12-08,5.5943,5.2598,5.2598,5.8638,-6.08,8,SL,000030
2023-11-27,2023-11-28,2023-12-21,6.7625,6.1667,6.1667,7.6264,-8.91,17,SL,600986
2023-11-30,2023-12-01,2024-02-08,14.3323,16.8353,13.6197,16.8353,17.34,48,TP,600985
2023-11-30,2023-12-01,2023-12-07,4.67,4.96,4.51,4.96,6.09,4,TP,000599
2023-11-30,2023-12-01,2023-12-11,9.1857,8.7952,8.7952,10.318,-4.36,6,SL,603058
2023-12-01,2023-12-04,2023-12-06,6.47,6.31,6.31,7.58,-2.58,2,SL,002520
2023-12-01,2023-12-04,2024-01-22,8.5038,7.8418,7.8418,9.2944,-7.89,34,SL,002416
2023-12-08,2023-12-11,2024-01-05,5.7275,6.2348,5.613,6.2348,8.74,18,TP,000937
2023-12-08,2023-12-11,2023-12-13,14.0434,15.0656,12.8015,15.0656,7.16,2,TP,601156
2023-12-08,2023-12-11,2023-12-19,7.5861,7.2982,7.2982,8.4599,-3.9,6,SL,002198
2023-12-08,2023-12-11,2023-12-20,22.0087,20.7031,20.7031,28.1263,-6.04,7,SL,000403
2023-12-11,2023-12-12,2024-01-05,20.5407,23.2052,19.2383,22.5689,12.85,17,TP,603200
2023-12-11,2023-12-12,2023-12-18,29.1524,30.0113,24.1867,30.0113,2.83,4,TP,605296
2023-12-11,2023-12-12,2023-12-18,10.07,9.17,9.17,10.64,-9.04,4,SL,002199
2023-12-11,2023-12-12,2023-12-20,17.095,15.159,15.159,22.9331,-11.42,6,SL,603536
2023-12-13,2023-12-14,2023-12-22,8.8962,7.6407,7.6407,9.5141,-14.21,6,SL,601999
2023-12-14,2023-12-15,2024-01-05,7.3658,7.5771,6.5209,7.5771,2.75,14,TP,600997
2023-12-26,2023-12-27,2023-12-28,10.7,11.37,9.77,11.37,6.14,1,TP,002022
2023-12-29,2024-01-02,2024-01-22,8.5864,8.0449,8.0449,9.4337,-6.41,14,SL,600348
2024-01-04,2024-01-05,2024-01-18,13.549,12.6158,12.6158,14.2992,-6.99,9,SL,601168
2024-01-08,2024-01-09,2024-01-31,19.0743,17.648,17.648,22.3527,-7.58,16,SL,002779
2024-01-11,2024-01-12,2024-01-23,19.3817,18.6961,18.6961,22.6336,-3.64,7,SL,601567
2024-01-15,2024-01-16,2024-01-18,24.0695,22.2741,22.2741,26.2988,-7.56,2,SL,605198
2024-01-16,2024-01-17,2024-01-18,7.6698,7.4774,7.4774,8.3435,-2.62,1,SL,601985
2024-01-16,2024-01-17,2024-01-22,9.3193,8.7893,8.7893,10.7984,-5.79,3,SL,600983
2024-01-17,2024-01-18,2024-01-30,2.07,1.74,1.74,2.3,-16.03,8,SL,000564
2024-01-18,2024-01-19,2024-01-22,20.8555,19.7059,19.7059,26.4685,-5.62,1,SL,002779
2024-01-22,2024-01-23,2024-02-20,20.2651,22.8427,19.1452,22.8427,12.6,14,TP,601225
2024-01-22,2024-01-23,2024-01-31,3.7284,3.3088,3.3088,4.5193,-11.35,6,SL,603007
2024-02-02,2024-02-05,2024-02-07,21.5094,20.7362,20.7362,26.0246,-3.7,2,SL,601225
2024-02-02,2024-02-05,2024-02-07,5.6046,5.2907,5.2907,6.2048,-5.71,2,SL,600027
2024-02-02,2024-02-05,2024-03-25,10.9658,10.0451,10.0451,12.5154,-8.5,29,SL,601898
2024-02-07,2024-02-08,2024-02-20,3.6131,3.8239,3.3064,3.8239,5.72,2,TP,003816
2024-02-22,2024-02-23,2024-03-07,17.1886,18.5327,16.047,18.5327,7.7,9,TP,000933
2024-02-22,2024-02-23,2024-03-06,16.1429,17.3648,14.9656,17.3648,7.45,8,TP,600096
2024-02-22,2024-02-23,2024-02-26,6.2442,6.0814,6.0814,6.7667,-2.71,1,SL,600177
2024-02-23,2024-02-26,2024-04-11,12.9601,14.6717,12.285,14.6717,13.08,31,TP,601058
2024-02-23,2024-02-26,2024-04-03,22.3394,24.2172,21.2941,24.2172,8.29,27,TP,600690
2024-02-26,2024-02-27,2024-03-04,17.0912,19.7388,15.7152,19.4447,15.36,4,TP,601138
2024-02-26,2024-02-27,2024-03-04,25.1703,27.3793,23.0098,27.3793,8.66,4,TP,002463
2024-02-26,2024-02-27,2024-02-29,13.0144,13.6233,12.2153,13.6233,4.56,2,TP,002078
2024-02-27,2024-02-28,2024-04-12,5.2726,5.6386,4.6889,5.6386,6.82,30,TP,601500
2024-02-27,2024-02-28,2024-03-07,15.3037,16.1208,14.2357,16.1208,5.22,6,TP,002128
2024-02-27,2024-02-28,2024-02-29,31.6398,29.3847,29.3847,35.7087,-7.23,1,SL,605020
2024-02-28,2024-02-29,2024-03-29,16.1537,17.4435,14.1706,17.4435,7.87,21,TP,600066
2024-02-28,2024-02-29,2024-03-12,15.2008,14.3988,14.3988,16.7227,-5.38,8,SL,000338
2024-02-29,2024-03-01,2024-04-11,15.2978,16.9629,14.694,16.9629,10.76,27,TP,002039
2024-02-29,2024-03-01,2024-03-25,13.5483,12.7426,12.7426,16.7602,-6.05,16,SL,002749
2024-03-04,2024-03-05,2024-04-11,6.2499,6.7882,5.7024,6.7882,8.49,25,TP,600582
2024-03-04,2024-03-05,2024-03-07,3.8567,4.017,3.4915,4.017,4.04,2,TP,600282
2024-03-04,2024-03-05,2024-03-13,6.6658,6.5816,6.5816,7.2088,-1.37,6,SL,600000
2024-03-04,2024-03-05,2024-03-19,14.8612,14.5828,14.5828,16.6392,-1.98,10,SL,601166
2024-03-04,2024-03-05,2024-03-12,15.5543,14.7747,14.7747,18.0397,-5.12,5,SL,000951
2024-03-07,2024-03-08,2024-03-13,15.6473,15.2666,15.2666,18.0268,-2.54,3,SL,600875
2024-03-08,2024-03-11,2024-04-12,4.2635,4.7669,3.9872,4.7669,11.68,22,TP,601608
2024-03-08,2024-03-11,2024-04-26,15.4686,17.2831,13.7449,17.2831,11.61,32,TP,603699
2024-03-11,2024-03-12,2024-03-26,16.3544,15.7839,15.7839,19.4541,-3.59,10,SL,002648
2024-03-11,2024-03-12,2024-03-13,19.9568,18.6437,18.9045,22.8437,-6.68,1,SL,600285
2024-03-11,2024-03-12,2024-03-26,24.5444,21.9274,21.9373,29.7784,-10.76,10,SL,000938
2024-03-12,2024-03-13,2024-04-22,29.782,26.6333,26.6333,34.6262,-10.67,26,SL,002463
2024-03-14,2024-03-15,2024-04-25,25.7473,23.9713,23.9713,30.7465,-7.0,27,SL,000550
2024-03-15,2024-03-18,2024-04-18,24.0522,27.1625,22.1396,27.1625,12.81,21,TP,000400
2024-03-15,2024-03-18,2024-03-28,8.9068,8.5818,8.5818,10.4616,-3.75,8,SL,002014
2024-03-15,2024-03-18,2024-06-20,7.7849,7.3934,7.3934,9.2796,-5.13,62,SL,601369
2024-03-15,2024-03-18,2024-04-23,6.65,6.13,6.13,8.18,-7.92,24,SL,600331
2024-03-19,2024-03-20,2024-04-15,109.802,133.6632,104.6882,133.6632,21.6,16,TP,603129
2024-03-20,2024-03-21,2024-04-11,5.3266,5.8281,4.9293,5.8281,9.29,13,TP,600497
2024-03-20,2024-03-21,2024-03-26,10.0377,9.2511,9.2511,11.1119,-7.94,3,SL,002155
2024-03-22,2024-03-25,2024-04-19,14.9101,18.1477,14.4586,18.1477,21.58,17,TP,601899
2024-03-22,2024-03-25,2024-04-03,3.1396,3.545,3.0076,3.545,12.79,7,TP,600968
2024-03-22,2024-03-25,2024-03-29,21.0029,22.7866,18.939,22.7866,8.37,4,TP,603619
2024-03-22,2024-03-25,2024-03-26,2.9375,2.8422,2.8422,3.3535,-3.35,1,SL,600219
2024-03-22,2024-03-25,2024-03-26,6.1183,5.9191,5.9191,7.693,-3.36,1,SL,600531
2024-03-22,2024-03-25,2024-07-25,7.293,7.007,7.007,9.6191,-4.03,82,SL,603993
2024-03-22,2024-03-25,2024-06-05,7.5153,7.0421,7.0421,8.3482,-6.4,47,SL,600888
2024-03-22,2024-03-25,2024-03-27,8.18,7.29,7.29,11.02,-10.98,2,SL,600733
2024-03-26,2024-03-27,2024-04-10,7.6525,8.7485,6.8161,8.7485,14.2,8,TP,601918
2024-03-26,2024-03-27,2024-04-15,4.4049,3.9068,3.9068,5.0398,-11.41,11,SL,002075
2024-03-27,2024-03-28,2024-04-11,72.0869,65.648,66.2503,102.8467,-9.03,8,SL,001309
2024-03-28,2024-03-29,2024-04-23,18.7296,18.0528,18.1577,23.4477,-3.72,15,SL,600549
2024-03-29,2024-04-01,2024-04-08,56.8489,53.4151,53.4151,67.4175,-6.14,3,SL,603369
2024-04-02,2024-04-03,2024-04-15,15.9238,13.6831,13.6831,17.8458,-14.17,6,SL,002214
2024-04-03,2024-04-08,2024-04-26,5.159,4.961,4.961,5.9874,-3.95,14,SL,601169
2024-04-03,2024-04-08,2024-04-16,17.1648,13.0467,14.2122,23.0418,-24.08,6,SL,603499
2024-04-11,2024-04-12,2024-04-26,6.0486,5.9007,5.9007,6.8493,-2.55,10,SL,601825
2024-04-12,2024-04-15,2024-04-16,7.811,7.6019,7.6019,9.1033,-2.78,1,SL,600328
2024-04-12,2024-04-15,2024-05-06,9.2831,8.914,8.914,11.6512,-4.08,12,SL,601857
2024-04-15,2024-04-16,2024-04-17,12.0456,11.1468,11.5571,15.2499,-7.56,1,SL,002237
2024-04-15,2024-04-16,2024-07-25,17.8306,15.5442,15.5442,20.3188,-12.92,68,SL,601899
2024-04-16,2024-04-17,2024-04-25,9.5564,9.052,9.052,11.9868,-5.38,6,SL,002533
2024-04-16,2024-04-17,2024-05-06,18.6673,17.0939,17.0939,21.2508,-8.53,10,SL,601808
2024-04-16,2024-04-17,2024-06-24,7.7966,6.3913,6.3913,9.0191,-18.11,44,SL,000612
2024-04-17,2024-04-18,2024-05-29,12.9975,15.7061,11.4795,15.7061,20.71,26,TP,000426
2024-04-17,2024-04-18,2024-07-25,20.9127,20.023,20.023,25.1995,-4.36,66,SL,600007
2024-04-17,2024-04-18,2024-04-23,8.2604,7.8805,7.8805,9.7995,-4.7,3,SL,002608
2024-04-17,2024-04-18,2024-04-26,6.1404,5.8497,5.8497,7.2394,-4.84,6,SL,600098
2024-04-17,2024-04-18,2024-04-22,7.1468,6.8019,6.8019,8.0952,-4.93,2,SL,000027
2024-04-17,2024-04-18,2024-05-07,3.7972,3.5778,3.5778,4.198,-5.88,10,SL,600782
2024-04-17,2024-04-18,2024-04-26,8.4783,7.9857,8.0804,9.6435,-5.91,6,SL,600956
2024-04-17,2024-04-18,2024-07-24,16.064,15.0277,15.0277,17.9578,-6.55,65,SL,600989
2024-04-17,2024-04-18,2024-05-06,16.8503,15.6838,15.6838,19.0648,-7.03,9,SL,000338
2024-04-17,2024-04-18,2024-05-23,8.6276,7.6266,7.6743,10.6868,-11.7,22,SL,603993
2024-04-18,2024-04-19,2024-05-06,19.2222,17.3891,17.4486,23.7701,-9.64,8,SL,600988
2024-04-19,2024-04-22,2024-08-08,14.9376,17.9661,14.2146,17.9661,20.14,74,TP,600521
2024-04-19,2024-04-22,2024-04-23,8.6888,8.4039,8.4039,9.9613,-3.39,1,SL,600021
2024-04-19,2024-04-22,2024-04-26,10.1732,9.4603,9.585,11.8895,-7.11,4,SL,002911
2024-04-26,2024-04-29,2024-04-30,22.7132,21.7131,22.0589,28.3401,-4.51,1,SL,600761
2024-04-26,2024-04-29,2024-06-13,8.51,8.0548,8.0548,9.5041,-5.45,29,SL,000848
2024-04-26,2024-04-29,2024-06-03,15.2174,14.252,14.252,18.0165,-6.45,22,SL,601717
2024-04-29,2024-04-30,2024-07-22,3.0429,3.4735,2.9281,3.4735,14.03,55,TP,601333
2024-04-29,2024-04-30,2024-06-06,19.3339,18.2728,18.2728,22.1126,-5.59,24,SL,002884
2024-04-29,2024-04-30,2024-05-27,21.3308,19.7778,19.7778,25.2213,-7.38,16,SL,603279
2024-05-06,2024-05-07,2024-05-15,6.1496,6.0429,6.0429,7.2071,-1.84,6,SL,601998
2024-05-06,2024-05-07,2024-06-14,49.1646,46.8225,46.8225,57.7587,-4.87,27,SL,002311
2024-05-06,2024-05-07,2024-05-15,18.7133,17.0423,17.0423,23.7459,-9.03,6,SL,000777
2024-05-07,2024-05-08,2024-05-13,10.3105,11.869,8.5905,11.2703,14.99,3,TP,000899
2024-05-07,2024-05-08,2024-07-01,6.055,6.7101,5.8425,6.7101,10.7,37,TP,601328
2024-05-07,2024-05-08,2024-05-22,3.3146,3.5413,3.003,3.5413,6.72,10,TP,000552
2024-05-07,2024-05-08,2024-07-11,10.2736,8.5532,8.5532,12.4216,-16.84,45,SL,002296
2024-05-08,2024-05-09,2024-06-20,26.6596,23.2076,23.2076,28.1226,-13.04,29,SL,603235
2024-05-08,2024-05-09,2024-07-23,6.9317,5.9182,5.9182,7.6557,-14.72,52,SL,000683
2024-05-09,2024-05-10,2024-08-05,13.3474,11.7361,11.7361,15.8452,-12.17,60,SL,603025
2024-05-10,2024-05-13,2024-05-20,29.1939,28.6203,28.6203,36.9826,-2.07,5,SL,600690
2024-05-13,2024-05-14,2024-05-21,20.1827,24.8834,17.3346,24.7652,23.16,5,TP,002827
2024-05-13,2024-05-14,2024-05-23,8.2769,8.1411,8.1411,9.878,-1.75,7,SL,002461
2024-05-13,2024-05-14,2024-05-15,13.3265,13.0052,13.0052,17.668,-2.52,1,SL,000887
2024-05-13,2024-05-14,2024-05-23,4.5852,4.4547,4.4547,5.3214,-2.95,7,SL,600713
2024-05-13,2024-05-14,2024-05-23,5.4178,5.2412,5.2412,6.9511,-3.37,7,SL,000030
2024-05-13,2024-05-14,2024-05-22,6.3963,6.1767,6.1767,7.5991,-3.54,6,SL,002440
2024-05-13,2024-05-14,2024-05-16,17.1842,16.5866,16.5866,20.192,-3.58,2,SL,603638
2024-05-13,2024-05-14,2024-06-13,9.2698,8.9328,8.9328,11.7682,-3.74,21,SL,002468
2024-05-13,2024-05-14,2024-05-28,10.5017,10.0645,10.0645,11.376,-4.27,10,SL,600873
2024-05-13,2024-05-14,2024-06-24,17.0324,16.1636,16.1636,19.9061,-5.21,28,SL,605507
2024-05-13,2024-05-14,2024-06-03,5.7068,5.4085,5.4085,7.3813,-5.33,14,SL,002752
2024-05-13,2024-05-14,2024-05-17,11.7409,11.0907,11.0907,15.5679,-5.64,3,SL,603998
2024-05-13,2024-05-14,2024-05-28,33.3951,31.4043,31.4043,42.2344,-6.06,10,SL,002422
2024-05-13,2024-05-14,2024-06-11,10.3597,9.6473,9.6473,13.1005,-6.98,19,SL,002139
2024-05-13,2024-05-14,2024-06-05,16.7954,15.4871,15.4871,21.5377,-7.89,16,SL,605183
2024-05-13,2024-05-14,2024-05-28,10.6979,9.658,9.658,11.6416,-9.82,10,SL,600216
2024-05-13,2024-05-14,2024-06-27,28.313,25.5366,25.5366,31.6002,-9.91,31,SL,600993
2024-05-14,2024-05-15,2024-05-23,8.7626,8.3514,8.3514,11.5431,-4.8,6,SL,001313
2024-05-15,2024-05-16,2024-06-13,27.0136,32.5878,23.8787,32.5878,20.5,19,TP,002938
2024-05-15,2024-05-16,2024-05-20,7.4242,7.808,7.0403,7.808,5.05,2,TP,600000
2024-05-15,2024-05-16,2024-05-29,3.7232,3.6676,3.6676,4.2882,-1.6,9,SL,000900
2024-05-15,2024-05-16,2024-05-21,47.6295,46.0025,46.0025,60.917,-3.52,3,SL,603087
2024-05-15,2024-05-16,2024-05-23,21.7325,20.6218,20.6218,27.9986,-5.22,5,SL,600141
2024-05-15,2024-05-16,2024-06-14,20.1836,18.5724,19.1408,24.0598,-8.08,20,SL,002601
2024-05-15,2024-05-16,2024-05-30,26.5915,23.8483,24.3101,35.1074,-10.41,10,SL,003019
2024-05-15,2024-05-16,2024-08-19,15.1536,13.2508,13.2508,16.6367,-12.65,66,SL,600487
2024-05-16,2024-05-17,2024-05-23,13.9535,13.7448,13.7448,15.5187,-1.6,4,SL,600999
2024-05-16,2024-05-17,2024-05-23,4.3724,4.2739,4.2739,5.1898,-2.36,4,SL,600429
2024-05-16,2024-05-17,2024-05-30,9.2637,8.7563,8.7563,11.2936,-5.58,9,SL,600158
2024-05-16,2024-05-17,2024-05-20,19.6112,18.2922,18.6015,29.5168,-6.83,1,SL,000913
2024-05-16,2024-05-17,2024-05-24,8.6865,8.0306,8.0306,11.2959,-7.65,5,SL,603067
2024-05-17,2024-05-20,2024-06-04,8.8057,8.5051,8.5051,11.2884,-3.52,11,SL,002026
2024-05-17,2024-05-20,2024-05-30,18.7166,17.9364,17.9364,25.6661,-4.27,8,SL,603699
2024-05-17,2024-05-20,2024-06-06,8.1824,7.6849,7.6849,10.2947,-6.18,13,SL,600480
2024-05-17,2024-05-20,2024-06-06,12.6007,11.6985,11.6985,14.7735,-7.26,13,SL,603567
2024-05-17,2024-05-20,2024-08-05,19.56,18.0688,18.0787,23.7189,-7.73,54,SL,600183
2024-05-17,2024-05-20,2024-07-25,13.9333,12.2238,12.2238,17.0574,-12.37,47,SL,002155
2024-05-21,2024-05-22,2024-05-28,12.1895,14.7468,10.3387,14.6771,20.85,4,TP,601020
2024-05-22,2024-05-23,2024-07-04,25.309,31.3086,22.8403,31.3086,23.57,29,TP,603228
2024-05-22,2024-05-23,2024-06-04,7.1342,6.3883,6.3883,8.4253,-10.55,8,SL,000791
2024-05-23,2024-05-24,2024-10-08,3.3724,4.19,3.0041,3.9441,24.11,89,TP,600575
2024-05-23,2024-05-24,2024-08-26,10.1182,9.9714,9.9714,12.2923,-1.56,65,SL,600461
2024-05-23,2024-05-24,2024-06-03,12.1949,11.7949,11.7949,14.5933,-3.39,6,SL,000902
2024-05-23,2024-05-24,2024-06-03,7.8066,7.5294,7.5294,8.4951,-3.66,6,SL,601577
2024-05-23,2024-05-24,2024-05-29,16.5436,15.9442,15.9442,21.6903,-3.73,3,SL,600233
2024-05-23,2024-05-24,2024-06-06,8.3465,8.0437,8.0437,9.7565,-3.73,9,SL,601827
2024-05-27,2024-05-28,2024-05-29,2.56,2.41,2.42,3.08,-5.96,1,SL,000839
2024-05-28,2024-05-29,2024-06-06,24.5951,22.8321,22.8321,28.4719,-7.27,6,SL,605286
2024-05-29,2024-05-30,2024-06-13,37.8257,33.8922,34.2033,46.1959,-10.5,9,SL,000921
2024-05-30,2024-05-31,2024-06-03,6.7807,6.5124,6.5124,7.9155,-4.06,1,SL,601128
2024-05-30,2024-05-31,2024-06-06,45.6379,42.6132,42.6132,56.3434,-6.73,4,SL,002897
2024-05-31,2024-06-03,2024-06-05,6.96,6.66,6.66,8.01,-4.42,2,SL,002567
2024-06-19,2024-06-20,2024-06-21,23.9991,22.7663,22.7663,28.4949,-5.24,1,SL,603324
2024-06-20,2024-06-21,2024-07-01,82.577,80.1463,80.1463,95.938,-3.05,6,SL,002594
2024-06-20,2024-06-21,2024-06-24,9.73,9.09,9.09,11.48,-6.68,1,SL,600246
2024-06-21,2024-06-24,2024-07-22,11.0259,10.5074,10.5074,12.3497,-4.81,20,SL,001286
2024-06-25,2024-06-26,2024-07-09,17.4143,20.0519,16.5768,20.0519,15.02,9,TP,600312
2024-06-25,2024-06-26,2024-07-16,37.3536,42.9013,34.2441,42.9013,14.73,14,TP,002475
2024-06-25,2024-06-26,2024-07-02,10.4376,10.9617,9.9021,10.9617,4.91,4,TP,600025
2024-06-25,2024-06-26,2024-07-18,35.8673,34.5389,34.5389,42.9484,-3.81,16,SL,002463
2024-06-25,2024-06-26,2024-07-25,37.1008,33.7817,33.7817,47.639,-9.05,21,SL,002938
2024-07-02,2024-07-03,2024-07-15,8.9249,8.3648,8.3648,10.3206,-6.38,5,SL,601298
2024-07-03,2024-07-04,2024-07-09,12.1711,11.6967,11.6967,14.9819,-4.0,3,SL,003001
2024-07-09,2024-07-10,2024-07-26,36.8089,35.2854,35.2854,40.1001,-4.24,12,SL,603393
2024-07-11,2024-07-12,2024-08-19,4.2866,4.5375,4.1266,4.5375,5.74,26,TP,601288
2024-07-11,2024-07-12,2024-08-06,4.7938,4.5983,4.5983,5.3312,-4.18,17,SL,601077
2024-07-15,2024-07-16,2024-07-17,31.6023,30.1549,30.1549,35.0437,-4.68,1,SL,600938
2024-07-17,2024-07-18,2024-07-30,4.7462,5.1268,4.4126,5.1268,7.9,8,TP,601000
2024-07-17,2024-07-18,2024-08-26,3.5587,3.3952,3.3952,3.7553,-4.7,27,SL,600033
2024-07-18,2024-07-19,2024-07-24,8.65,8.35,8.35,10.03,-3.57,3,SL,600238
2024-07-18,2024-07-19,2024-08-30,6.9819,6.6481,6.6481,7.7723,-4.89,30,SL,601328
2024-07-18,2024-07-19,2024-07-23,44.9318,41.9234,41.9234,49.8897,-6.8,2,SL,603596
2024-07-18,2024-07-19,2024-08-05,22.7419,19.8464,20.4157,26.6136,-12.83,11,SL,002241
2024-07-18,2024-07-19,2024-07-22,10.36,8.98,9.13,12.34,-13.42,1,SL,600733
2024-07-22,2024-07-23,2024-08-29,11.6039,10.8689,10.8689,12.7699,-6.44,27,SL,600025
2024-07-22,2024-07-23,2024-08-13,4.38,3.95,3.95,5.17,-9.92,15,SL,601777
2024-07-24,2024-07-25,2024-07-30,12.8285,15.6924,11.2681,15.6924,22.19,3,TP,600650
2024-08-01,2024-08-02,2024-08-20,4.4507,4.6425,4.2765,4.6425,4.19,12,TP,601988
2024-08-12,2024-08-13,2024-08-28,3.3864,3.2595,3.2595,3.6149,-3.85,11,SL,601326
2024-08-15,2024-08-16,2024-09-11,9.2737,8.2719,8.4849,14.3059,-10.9,18,SL,600611
2024-08-22,2024-08-23,2024-08-28,6.41,5.46,5.46,7.28,-14.91,3,SL,600326
2024-08-28,2024-08-29,2024-09-04,5.6978,6.0995,5.4361,6.0995,6.93,4,TP,601319
2024-09-02,2024-09-03,2024-09-05,12.5295,13.7273,11.7761,13.7273,9.44,2,TP,603189
2024-09-18,2024-09-19,2024-09-25,25.08,28.7,23.55,28.7,14.31,4,TP,603822
2024-09-20,2024-09-23,2024-10-08,41.9064,50.1753,40.0929,46.3808,19.6,6,TP,002595
2024-09-23,2024-09-24,2024-10-08,10.3344,12.5801,9.9369,12.2919,21.6,5,TP,002468
2024-09-26,2024-09-27,2024-09-30,50.6467,55.124,47.7576,55.124,8.72,1,TP,600660
2024-10-11,2024-10-14,2024-10-15,14.5,15.5,12.73,15.37,6.78,1,TP,000935
2024-10-11,2024-10-14,2024-10-18,5.8595,5.5323,5.5323,6.5434,-5.69,4,SL,000498
2024-10-11,2024-10-14,2024-11-11,46.5878,43.5917,43.5917,53.3784,-6.53,20,SL,002595
2024-10-11,2024-10-14,2024-10-23,11.6628,10.7411,10.7411,13.5959,-8.0,7,SL,603600
2024-10-14,2024-10-15,2024-11-12,15.38,19.12,14.03,18.64,24.18,20,TP,603138
2024-10-14,2024-10-15,2024-10-29,12.9294,14.4259,11.9418,14.4259,11.45,10,TP,603701
2024-10-14,2024-10-15,2024-10-18,7.9083,8.7683,7.2756,8.7683,10.75,3,TP,002787
2024-10-14,2024-10-15,2024-11-07,5.8706,6.415,5.3657,6.316,9.15,17,TP,000833
2024-10-15,2024-10-16,2024-10-29,1.49,1.88,1.36,1.77,26.04,9,TP,600340
2024-10-15,2024-10-16,2024-10-22,4.04,4.26,3.51,4.26,5.33,4,TP,000036
2024-10-16,2024-10-17,2025-04-24,20.3651,27.0772,18.2669,27.0772,32.81,127,TP,003002
2024-10-16,2024-10-17,2024-12-09,3.04,3.98,2.78,3.86,30.78,37,TP,002775
2024-10-16,2024-10-17,2024-11-06,6.83,8.61,6.35,8.54,25.92,14,TP,000007
2024-10-16,2024-10-17,2024-11-28,29.0868,36.4584,28.1851,36.4584,25.21,30,TP,001332
2024-10-16,2024-10-17,2024-12-11,13.4232,16.5839,12.3794,16.5839,23.41,39,TP,002949
2024-10-16,2024-10-17,2024-11-05,5.9279,7.2441,5.4924,7.2441,22.07,13,TP,002075
2024-10-16,2024-10-17,2024-10-28,20.0543,24.4558,18.8251,23.405,21.81,7,TP,002912
2024-10-16,2024-10-17,2024-12-16,4.7,5.72,4.5,5.72,21.57,42,TP,000931
2024-10-16,2024-10-17,2024-10-21,20.2747,24.6094,19.0209,23.3174,21.25,2,TP,002837
2024-10-16,2024-10-17,2024-10-31,50.4808,61.1047,47.5137,61.1047,20.91,10,TP,603019
2024-10-16,2024-10-17,2024-10-28,1.8632,2.2418,1.7436,2.1521,20.19,7,TP,002495
2024-10-16,2024-10-17,2024-10-29,10.3,12.39,9.66,12.39,20.16,8,TP,603990
2024-10-16,2024-10-17,2024-11-08,46.0477,55.0655,40.3617,53.6606,19.45,16,TP,601336
2024-10-16,2024-10-17,2024-10-22,27.7671,33.2035,25.2415,33.2035,19.45,3,TP,002779
2024-10-16,2024-10-17,2024-12-30,52.1285,61.7895,48.0839,61.7895,18.4,52,TP,002847
2024-10-16,2024-10-17,2024-11-06,7.6857,9.0823,7.3193,9.0823,18.04,14,TP,002636
2024-10-16,2024-10-17,2024-11-07,4.26,5.01,3.98,5.01,17.48,15,TP,600319
2024-10-16,2024-10-17,2024-11-13,7.2894,8.5658,7.07,8.5658,17.38,19,TP,002580
2024-10-16,2024-10-17,2024-10-28,6.34,7.44,5.86,7.44,17.22,7,TP,600135
2024-10-16,2024-10-17,2024-11-11,14.7144,17.25,13.197,17.25,17.1,17,TP,600602
2024-10-16,2024-10-17,2024-11-11,27.4917,32.0407,25.2172,32.0407,16.42,17,TP,002472
2024-10-16,2024-10-17,2024-11-08,11.12,12.95,10.49,12.95,16.33,16,TP,600588
2024-10-16,2024-10-17,2024-10-25,15.7964,18.3681,15.1831,18.3681,16.15,6,TP,000021
2024-10-16,2024-10-17,2024-11-01,2.1,2.43,2.0,2.43,15.59,11,TP,600868
2024-10-16,2024-10-17,2024-12-02,33.558,38.7199,32.0892,38.7199,15.26,32,TP,603416
2024-10-16,2024-10-17,2024-10-29,9.704,11.1803,9.2513,11.1803,15.09,8,TP,600718
2024-10-16,2024-10-17,2024-11-11,29.392,33.8474,28.349,33.8474,15.03,17,TP,000063
2024-10-16,2024-10-17,2024-11-06,4.22,4.84,4.01,4.84,14.57,14,TP,603359
2024-10-16,2024-10-17,2024-10-25,6.8634,7.8565,6.5617,7.8565,14.34,6,TP,002836
2024-10-16,2024-10-17,2024-11-06,28.0833,31.9346,26.5607,31.5564,13.59,14,TP,000768
2024-10-16,2024-10-17,2024-11-08,4.14,4.7,3.86,4.64,13.4,16,TP,603880
2024-10-16,2024-10-17,2024-10-29,11.798,13.3937,10.7808,13.3937,13.4,8,TP,600571
2024-10-16,2024-10-17,2024-12-05,21.3662,24.242,20.3625,24.242,13.34,35,TP,603040
2024-10-16,2024-10-17,2024-11-08,31.0347,35.192,29.2377,35.192,13.27,16,TP,603312
2024-10-16,2024-10-17,2024-11-13,35.6846,40.3119,33.3122,40.3119,12.84,19,TP,002841
2024-10-16,2024-10-17,2024-11-27,8.4812,9.5633,8.0815,9.5633,12.63,29,TP,603213
2024-10-16,2024-10-17,2024-10-31,11.5832,13.0484,11.0783,13.0484,12.53,10,TP,000962
2024-10-16,2024-10-17,2024-12-02,7.1955,8.1023,6.8055,8.1023,12.48,32,TP,000910
2024-10-16,2024-10-17,2024-11-07,2.9906,3.3595,2.7115,3.3595,12.21,15,TP,002589
2024-10-16,2024-10-17,2024-11-06,2.8,3.14,2.63,3.14,12.02,14,TP,002195
2024-10-16,2024-10-17,2024-10-21,14.7706,16.5552,13.7426,16.497,11.96,2,TP,002967
2024-10-16,2024-10-17,2024-10-25,1.83,2.05,1.68,2.05,11.9,6,TP,002210
2024-10-16,2024-10-17,2024-11-29,19.5532,21.8635,18.2102,21.8635,11.69,31,TP,002895
2024-10-16,2024-10-17,2024-10-21,6.33,7.05,5.78,7.05,11.25,2,TP,600100
2024-10-16,2024-10-17,2024-11-08,56.0366,62.3893,52.3701,62.3893,11.21,16,TP,605123
2024-10-16,2024-10-17,2024-10-29,104.7905,116.545,93.2125,116.545,11.09,8,TP,600563
2024-10-16,2024-10-17,2024-10-29,25.1641,27.9548,22.6118,27.9548,10.97,8,TP,603613
2024-10-16,2024-10-17,2024-12-03,4.5,4.97,4.14,4.97,10.32,33,TP,000912
2024-10-16,2024-10-17,2024-10-21,21.2597,23.4471,20.2205,23.4471,10.17,2,TP,600862
2024-10-16,2024-10-17,2024-10-25,12.4176,13.5595,10.8,13.5119,9.08,6,TP,603317
2024-10-16,2024-10-17,2024-10-21,6.8167,7.275,6.056,7.275,6.61,2,TP,600469
2024-10-16,2024-10-17,2024-10-28,26.6636,28.2631,23.787,28.2631,5.88,7,TP,605286
2024-10-16,2024-10-17,2024-11-01,5.3218,5.6084,4.7485,5.6084,5.27,11,TP,601665
2024-10-16,2024-10-17,2024-10-22,26.6211,28.0212,22.8448,28.0212,5.14,3,TP,002891
2024-10-16,2024-10-17,2024-10-18,12.33,12.96,10.9,12.96,4.99,1,TP,002778
2024-10-16,2024-10-17,2024-10-18,10.2771,10.0231,10.0426,12.2548,-2.58,1,SL,000729
2024-10-16,2024-10-17,2025-01-07,12.071,11.681,11.681,13.7285,-3.34,57,SL,002020
2024-10-16,2024-10-17,2024-10-18,5.3067,5.1275,5.1275,6.2515,-3.48,1,SL,600812
2024-10-16,2024-10-17,2024-10-18,90.1605,86.771,86.771,106.2336,-3.87,1,SL,002850
2024-10-16,2024-10-17,2024-10-18,3.13,3.0,3.0,3.72,-4.26,1,SL,600816
2024-10-16,2024-10-17,2024-11-04,8.1472,7.7498,7.7498,9.1904,-4.98,12,SL,002609
2024-10-16,2024-10-17,2024-11-18,5.43,5.16,5.16,6.82,-5.08,22,SL,600778
2024-10-16,2024-10-17,2024-11-01,20.8535,19.7244,19.7244,25.7134,-5.52,11,SL,002983
2024-10-16,2024-10-17,2024-12-31,9.87,9.27,9.27,11.14,-6.18,53,SL,600271
2024-10-16,2024-10-17,2024-10-25,36.5345,34.3008,34.3008,43.4129,-6.22,6,SL,002653
2024-10-16,2024-10-17,2024-11-12,37.0683,34.7758,34.7758,43.522,-6.29,18,SL,601601
2024-10-16,2024-10-17,2024-10-30,11.565,10.7414,10.7414,12.5533,-7.22,9,SL,000001
2024-10-16,2024-10-17,2024-11-22,36.937,34.1057,34.1057,40.2448,-7.77,26,SL,600036
2024-10-16,2024-10-17,2025-01-02,43.6111,39.3822,39.3822,50.4146,-9.8,54,SL,601628
2024-10-16,2024-10-17,2025-01-02,54.4701,49.0701,49.0701,61.4093,-10.01,54,SL,601318
2024-10-16,2024-10-17,2024-11-25,23.3297,21.0007,21.0007,26.4083,-10.08,27,SL,002544
2024-10-16,2024-10-17,2024-11-25,11.1913,9.9932,9.9932,13.5874,-10.8,27,SL,002987
2024-10-18,2024-10-21,2024-12-11,16.1852,18.4076,14.3215,18.4076,13.61,37,TP,002935
2024-10-18,2024-10-21,2024-10-22,3.3,3.64,3.02,3.64,10.18,1,TP,600491
2024-10-18,2024-10-21,2024-11-12,5.5008,6.0247,5.0397,6.0247,9.4,16,TP,002538
2024-10-18,2024-10-21,2024-10-23,4.5243,4.7184,4.0,4.7184,4.18,2,TP,002479
2024-10-18,2024-10-21,2024-10-23,4.7962,4.9338,4.1377,4.9338,2.76,2,TP,002516
2024-10-18,2024-10-21,2024-10-23,3.68,3.56,3.56,4.89,-3.37,2,SL,600626
2024-10-18,2024-10-21,2025-01-03,8.2465,7.5543,7.5543,10.056,-8.49,53,SL,002098
2024-10-18,2024-10-21,2024-10-22,19.2687,16.2284,16.2284,21.4318,-15.87,1,SL,002899
2024-10-21,2024-10-22,2024-10-31,5.7842,5.335,5.335,6.6917,-7.87,7,SL,002563
2024-10-22,2024-10-23,2024-10-29,4.59,5.29,4.25,5.29,15.12,4,TP,600610
2024-10-22,2024-10-23,2024-11-07,6.274,7.026,5.888,7.026,11.86,11,TP,000061
2024-10-22,2024-10-23,2024-10-25,13.05,12.47,12.47,15.38,-4.55,2,SL,603997
2024-10-22,2024-10-23,2024-10-24,35.12,33.3,34.0,48.5,-5.29,1,SL,603822
2024-10-22,2024-10-23,2024-12-31,11.2516,10.5327,10.5327,13.9471,-6.49,49,SL,600739
2024-10-22,2024-10-23,2024-12-23,10.3868,9.5168,9.5168,11.3866,-8.48,43,SL,605189
2024-10-24,2024-10-25,2024-12-13,2.47,3.21,2.28,3.21,29.82,35,TP,002256
2024-10-24,2024-10-25,2024-10-28,11.6615,13.8543,10.6947,12.9174,18.67,1,TP,603045
2024-10-24,2024-10-25,2024-11-06,16.8119,19.9033,15.4859,19.9033,18.26,8,TP,601688
2024-10-24,2024-10-25,2024-11-08,2.6165,3.0041,2.4614,2.9847,14.69,10,TP,002132
2024-10-24,2024-10-25,2024-11-04,5.2456,5.9991,4.9226,5.9991,14.24,6,TP,600517
2024-10-24,2024-10-25,2024-11-08,6.28,6.6,5.42,6.6,4.98,10,TP,002137
2024-10-24,2024-10-25,2024-10-31,6.0768,5.9607,5.9607,7.1315,-2.02,4,SL,002443
2024-10-24,2024-10-25,2024-11-06,3.06,2.92,2.92,3.8,-4.68,8,SL,002721
2024-10-24,2024-10-25,2025-01-03,10.1999,9.4665,9.4665,11.7451,-7.29,49,SL,605169
2024-10-24,2024-10-25,2024-11-15,18.36,16.4,16.4,22.71,-10.77,15,SL,000935
2024-10-28,2024-10-29,2024-12-18,27.5969,34.3522,23.974,34.3522,24.34,36,TP,605086
2024-10-28,2024-10-29,2025-01-10,7.0834,6.5989,6.5989,8.3875,-6.94,52,SL,601319
2024-10-29,2024-10-30,2024-11-18,69.2219,58.6938,58.6938,83.2661,-15.3,13,SL,000628
2024-10-30,2024-10-31,2025-01-17,29.9043,37.3681,27.5183,37.3681,24.82,55,TP,002891
2024-10-30,2024-10-31,2024-12-06,7.5337,9.2001,6.7355,8.9706,21.98,26,TP,002599
2024-10-30,2024-10-31,2024-11-01,6.14,5.89,5.89,7.61,-4.18,1,SL,002519
2024-10-30,2024-10-31,2024-11-01,6.86,6.4,6.4,8.8528,-6.81,1,SL,600217
2024-10-30,2024-10-31,2024-11-01,3.41,3.18,3.18,4.66,-6.85,1,SL,002775
2024-10-30,2024-10-31,2024-11-11,17.8173,16.1905,16.1905,21.5841,-9.23,7,SL,003011
2024-10-30,2024-10-31,2025-01-03,45.1692,40.8174,40.8174,53.5717,-9.73,45,SL,002970
2024-10-30,2024-10-31,2024-12-16,18.7,15.08,15.08,21.2,-19.45,32,SL,002459
2024-10-31,2024-11-01,2024-11-28,15.055,16.9109,12.8041,16.9109,12.2,19,TP,603036
2024-10-31,2024-11-01,2024-11-04,7.29,6.77,6.77,9.02,-7.24,1,SL,002379
2024-11-01,2024-11-04,2024-11-12,24.6094,29.0359,21.8802,29.0359,17.86,6,TP,002837
2024-11-01,2024-11-04,2024-11-06,8.26,9.22,7.36,9.22,11.5,2,TP,002569
2024-11-01,2024-11-04,2024-11-25,44.9551,40.9391,40.9391,60.1999,-9.03,15,SL,002851
2024-11-04,2024-11-05,2024-12-10,2.72,3.84,2.5,3.84,41.02,25,TP,002622
2024-11-04,2024-11-05,2024-12-13,17.9041,23.0679,17.1564,23.0679,28.7,28,TP,000985
2024-11-04,2024-11-05,2024-11-12,44.0,50.96,37.39,50.72,15.69,5,TP,600745
2024-11-04,2024-11-05,2024-11-06,2.67,2.81,2.32,2.81,5.13,1,TP,600448
2024-11-04,2024-11-05,2024-11-15,4.18,3.88,3.88,5.09,-7.28,8,SL,002427
2024-11-04,2024-11-05,2024-11-19,3.55,3.25,3.25,4.35,-8.55,10,SL,000839
2024-11-04,2024-11-05,2024-11-27,9.74,8.84,8.84,11.9271,-9.34,16,SL,000561
2024-11-04,2024-11-05,2024-12-23,36.5494,30.9925,30.9925,46.3139,-15.3,34,SL,600316
2024-11-05,2024-11-06,2024-12-03,22.4666,25.9344,19.2202,25.9344,15.31,19,TP,603655
2024-11-05,2024-11-06,2024-11-18,10.69,9.53,9.53,12.86,-10.95,8,SL,000504
2024-11-05,2024-11-06,2024-11-15,31.12,27.67,27.67,38.09,-11.18,7,SL,600438
2024-11-06,2024-11-07,2024-11-18,7.48,6.48,6.48,9.04,-13.46,7,SL,600192
2024-11-06,2024-11-07,2024-11-19,4.99,4.18,4.18,6.21,-16.32,8,SL,601933
2024-11-07,2024-11-08,2024-12-20,45.6527,56.529,39.27,52.5721,23.69,30,TP,002281
2024-11-07,2024-11-08,2024-12-10,7.0,7.83,6.06,7.83,11.73,22,TP,603330
2024-11-07,2024-11-08,2024-11-15,5.73,5.45,5.45,8.2,-4.99,5,SL,000953
2024-11-07,2024-11-08,2024-11-11,21.24,20.18,20.18,28.34,-5.1,1,SL,002760
2024-11-07,2024-11-08,2024-11-11,9.87,9.37,9.37,12.89,-5.17,1,SL,600671
2024-11-07,2024-11-08,2024-11-22,13.28,12.12,12.12,16.45,-8.84,10,SL,002581
2024-11-07,2024-11-08,2024-11-15,27.1039,24.7165,24.7165,39.7643,-8.91,5,SL,001696
2024-11-07,2024-11-08,2024-11-14,42.6171,38.4238,38.4238,50.9816,-9.94,4,SL,603062
2024-11-07,2024-11-08,2024-11-26,16.15,14.2,14.2,20.92,-12.17,12,SL,002456
2024-11-07,2024-11-08,2024-11-18,9.08,7.93,7.93,10.63,-12.76,6,SL,600331
2024-11-07,2024-11-08,2024-11-12,34.0157,29.3972,29.3972,40.38,-13.67,2,SL,002384
2024-11-07,2024-11-08,2024-11-19,5.7872,4.8094,4.8094,6.9147,-16.99,7,SL,002183
2024-11-08,2024-11-11,2024-11-12,14.1291,15.4144,12.0565,15.4144,8.98,1,TP,603159
2024-11-11,2024-11-12,2024-11-14,2.47,3.02,2.17,3.02,22.13,2,TP,600227
2024-11-11,2024-11-12,2024-11-15,8.8179,10.1663,7.8562,10.1663,15.16,3,TP,003010
2024-11-11,2024-11-12,2024-11-20,12.9091,14.544,11.3514,14.544,12.54,6,TP,002553
2024-11-11,2024-11-12,2024-11-26,12.2116,13.5187,10.3725,13.5187,10.58,10,TP,002802
2024-11-11,2024-11-12,2024-11-15,8.9777,9.6328,7.3063,9.6328,7.18,3,TP,603697
2024-11-11,2024-11-12,2024-11-13,5.6158,5.4565,5.4764,7.2089,-2.94,1,SL,600516
2024-11-11,2024-11-12,2024-11-13,11.3466,10.6861,10.6861,13.6731,-5.92,1,SL,002900
2024-11-11,2024-11-12,2024-11-18,7.1735,6.7052,6.7052,8.7875,-6.63,4,SL,002295
2024-11-11,2024-11-12,2024-11-18,20.62,19.2323,19.2323,26.8842,-6.83,4,SL,000997
2024-11-11,2024-11-12,2024-11-15,20.466,18.9298,19.0289,24.6286,-7.61,3,SL,603266
2024-11-11,2024-11-12,2024-11-13,3.19,2.93,2.93,4.06,-8.25,1,SL,002122
2024-11-11,2024-11-12,2024-11-18,5.8929,5.3792,5.3792,6.7749,-8.82,4,SL,002328
2024-11-11,2024-11-12,2024-11-15,13.8369,12.4201,12.4201,16.6375,-10.34,3,SL,600580
2024-11-11,2024-11-12,2024-11-15,3.28,2.92,2.92,4.17,-11.07,3,SL,000903
2024-11-11,2024-11-12,2024-11-18,139.5765,123.844,123.844,178.2752,-11.37,4,SL,601127
2024-11-11,2024-11-12,2024-11-18,8.0824,7.1705,7.1705,9.6375,-11.38,4,SL,002170
2024-11-11,2024-11-12,2025-01-08,13.3724,11.6141,11.6141,14.9059,-13.24,40,SL,600458
2024-11-11,2024-11-12,2024-11-27,14.46,12.3,12.3,17.81,-15.03,11,SL,002058
2024-11-11,2024-11-12,2024-11-18,6.94,5.89,5.89,8.56,-15.22,4,SL,002453
2024-11-12,2024-11-13,2024-11-29,4.72,5.37,3.72,5.37,13.65,12,TP,600589
2024-11-12,2024-11-13,2024-11-18,5.1,4.68,4.68,6.69,-8.34,3,SL,600651
2024-11-12,2024-11-13,2024-11-19,4.85,4.03,4.03,6.0,-17.0,4,SL,000415
2024-11-13,2024-11-14,2024-11-18,20.1927,19.0475,19.0475,27.0053,-5.78,2,SL,603517
2024-11-13,2024-11-14,2024-11-18,34.6863,32.5665,32.5665,46.8235,-6.21,2,SL,002891
2024-11-13,2024-11-14,2024-11-15,17.33,16.21,16.21,22.44,-6.57,1,SL,603679
2024-11-13,2024-11-14,2024-11-15,7.1804,6.6919,6.7701,9.3785,-6.91,1,SL,000559
2024-11-13,2024-11-14,2024-11-18,5.7613,5.3519,5.3519,6.9295,-7.21,2,SL,002161
2024-11-13,2024-11-14,2024-11-15,16.6,14.72,14.72,20.51,-11.42,1,SL,002805
2024-11-13,2024-11-14,2024-11-26,22.7251,19.7588,19.7588,26.8063,-13.15,8,SL,603119
2024-11-15,2024-11-18,2024-11-25,1.6,1.5303,1.5303,2.0569,-4.46,5,SL,600157
2024-11-15,2024-11-18,2024-12-02,18.625,17.4883,17.6877,26.2624,-6.21,9,SL,600641
2024-11-19,2024-11-20,2024-11-25,19.2519,17.771,17.771,22.6778,-7.79,3,SL,603090
2024-11-25,2024-11-26,2024-12-19,17.2356,15.6506,15.6506,23.0173,-9.3,17,SL,603110
2024-11-25,2024-11-26,2025-01-03,7.39,6.69,6.69,9.9,-9.57,27,SL,600539
2024-11-25,2024-11-26,2024-12-19,13.4542,12.074,12.074,16.1252,-10.36,17,SL,002838
2024-11-25,2024-11-26,2024-12-19,4.8,4.29,4.29,5.61,-10.72,17,SL,600121
2024-11-27,2024-11-28,2024-12-02,15.49,17.54,13.56,17.54,13.11,2,TP,002878
2024-11-27,2024-11-28,2024-11-29,3.2614,3.6381,2.3692,3.4002,11.43,1,TP,002131
2024-11-27,2024-11-28,2025-01-03,13.9269,13.0348,13.0348,18.9228,-6.51,25,SL,600113
2024-11-27,2024-11-28,2025-01-06,4.758,4.3997,4.3997,5.9127,-7.63,26,SL,002392
2024-11-28,2024-11-29,2024-12-16,25.6,21.88,21.88,32.24,-14.63,11,SL,600148
2024-11-29,2024-12-02,2024-12-26,4.5944,5.813,4.3747,5.813,26.38,18,TP,603333
2024-11-29,2024-12-02,2024-12-25,5.6107,5.1497,5.1497,6.5033,-8.32,17,SL,002442
2024-12-04,2024-12-05,2024-12-25,20.382,19.6272,19.6272,26.1629,-3.81,14,SL,605080
2024-12-05,2024-12-06,2024-12-10,4.8,6.03,3.73,5.82,25.49,2,TP,002175
2024-12-09,2024-12-10,2024-12-18,5.9917,5.3826,5.3826,7.8691,-10.27,6,SL,600156
2024-12-09,2024-12-10,2024-12-17,43.5439,36.9055,36.9055,59.0968,-15.34,5,SL,603009
2024-12-10,2024-12-11,2025-01-24,53.6214,60.9298,42.4999,60.9298,13.5,31,TP,603516
2024-12-10,2024-12-11,2024-12-23,3.06,2.86,2.86,3.85,-6.64,8,SL,600815
2024-12-11,2024-12-12,2024-12-17,10.7973,10.4743,10.4743,13.3816,-3.1,3,SL,605155
2024-12-11,2024-12-12,2024-12-17,15.2686,14.6851,14.6851,18.5752,-3.93,3,SL,603586
2024-12-11,2024-12-12,2024-12-17,13.8599,13.286,13.286,16.8458,-4.25,3,SL,603511
2024-12-11,2024-12-12,2024-12-17,7.5503,7.2292,7.2292,9.2043,-4.36,3,SL,603321
2024-12-11,2024-12-12,2024-12-18,7.7484,7.3229,7.3229,9.6781,-5.6,4,SL,000061
2024-12-11,2024-12-12,2024-12-23,10.3218,9.6171,9.6171,12.4358,-6.93,7,SL,002860
2024-12-11,2024-12-12,2024-12-17,5.7891,5.3905,5.3905,6.7855,-6.99,3,SL,002492
2024-12-11,2024-12-12,2025-01-02,16.9084,15.5956,15.5956,20.0966,-7.87,14,SL,603848
2024-12-11,2024-12-12,2024-12-17,9.53,8.69,8.69,11.52,-8.91,3,SL,002910
2024-12-11,2024-12-12,2024-12-17,19.5186,17.5227,17.5227,24.5964,-10.32,3,SL,002541
2024-12-11,2024-12-12,2024-12-23,5.8892,5.2525,5.2525,6.9834,-10.91,7,SL,600249
2024-12-11,2024-12-12,2025-01-21,9.1274,8.0448,8.0448,11.8388,-11.96,27,SL,603101
2024-12-11,2024-12-12,2024-12-23,14.1,11.9,11.9,15.73,-15.7,7,SL,002186
2024-12-13,2024-12-16,2025-04-16,8.2096,9.7532,7.9724,9.7532,18.67,79,TP,601229
2024-12-13,2024-12-16,2024-12-17,19.3093,18.8427,18.8427,24.874,-2.52,1,SL,001231
2024-12-13,2024-12-16,2024-12-18,10.9641,9.8042,9.8042,13.3006,-10.68,2,SL,603121
2024-12-13,2024-12-16,2024-12-19,3.94,3.51,3.51,4.67,-11.01,3,SL,603843
2024-12-17,2024-12-18,2024-12-23,38.0607,36.2342,36.2342,47.0354,-4.9,3,SL,002997
2024-12-20,2024-12-23,2024-12-24,31.685,29.5943,30.1762,38.3612,-6.7,1,SL,002864
2025-01-22,2025-01-23,2025-02-05,13.0223,12.4349,12.4349,15.3106,-4.62,3,SL,002536
2025-01-24,2025-01-27,2025-02-06,29.3621,28.6034,28.6034,34.3773,-2.69,2,SL,001226
2025-02-05,2025-02-06,2025-03-28,18.2655,20.4248,17.6317,20.4248,11.7,36,TP,002967
2025-02-05,2025-02-06,2025-02-07,30.5,32.0,28.79,32.0,4.8,1,TP,001238
2025-02-10,2025-02-11,2025-02-21,9.4993,11.1881,9.2211,11.1881,17.65,8,TP,603766
2025-02-12,2025-02-13,2025-04-03,9.2573,10.5414,8.7895,10.5414,13.75,35,TP,002284
2025-02-14,2025-02-17,2025-03-20,38.3912,49.7258,35.8318,49.7258,29.38,23,TP,002965
2025-02-14,2025-02-17,2025-02-20,10.1781,12.2375,9.4851,11.3167,20.1,3,TP,600143
2025-02-14,2025-02-17,2025-02-19,50.6707,60.6669,41.5561,60.6669,19.6,2,TP,002896
2025-02-14,2025-02-17,2025-02-18,29.2247,33.1278,25.9236,33.1278,13.23,1,TP,600183
2025-02-14,2025-02-17,2025-03-03,19.1768,18.112,18.112,22.0361,-5.66,10,SL,600699
2025-02-14,2025-02-17,2025-03-24,28.3015,26.3037,26.3037,31.5625,-7.16,25,SL,002913
2025-02-17,2025-02-18,2025-04-07,6.4318,6.0435,6.0435,7.3477,-6.14,33,SL,600812
2025-02-18,2025-02-19,2025-03-07,60.6738,66.5435,54.0393,66.5435,9.55,12,TP,603596
2025-02-19,2025-02-20,2025-02-25,5.63,6.18,4.97,6.18,9.65,3,TP,600173
2025-02-19,2025-02-20,2025-02-24,23.9937,23.1021,23.1021,28.5607,-3.82,2,SL,001211
2025-02-21,2025-02-24,2025-03-13,142.2605,122.8863,122.8863,157.5181,-13.71,13,SL,002850
2025-02-25,2025-02-26,2025-03-07,44.1393,52.8756,39.6716,52.8756,19.66,7,TP,603171
2025-02-25,2025-02-26,2025-02-27,11.1406,12.2368,9.5861,11.6488,9.72,1,TP,002276
2025-02-25,2025-02-26,2025-03-05,7.09,6.04,6.31,8.67,-14.9,5,SL,000042
2025-02-26,2025-02-27,2025-04-07,49.97,43.74,44.0,55.07,-12.56,26,SL,603322
2025-02-27,2025-02-28,2025-04-08,35.791,29.523,31.4836,38.395,-17.6,26,SL,003028
2025-02-28,2025-03-03,2025-03-04,11.8781,12.8563,11.3191,12.8563,8.12,1,TP,000970
2025-02-28,2025-03-03,2025-03-13,32.4467,29.212,29.212,41.6234,-10.07,8,SL,002126
2025-03-03,2025-03-04,2025-03-10,95.791,105.0708,77.5608,105.0708,9.57,4,TP,001306
2025-03-03,2025-03-04,2025-03-26,29.2292,25.0265,25.0265,33.5617,-14.47,16,SL,002380
2025-03-05,2025-03-06,2025-04-07,24.85,23.01,23.01,27.73,-7.51,21,SL,000893
2025-03-06,2025-03-07,2025-03-14,42.3792,44.9687,35.2678,44.9687,5.99,5,TP,605376
2025-03-06,2025-03-07,2025-03-26,9.1419,8.5148,8.5148,10.0433,-6.96,13,SL,000425
2025-03-06,2025-03-07,2025-03-10,19.7716,18.3295,18.3295,25.7787,-7.4,1,SL,000096
2025-03-07,2025-03-10,2025-03-19,14.9677,17.9693,12.7839,17.9693,19.92,7,TP,002580
2025-03-10,2025-03-11,2025-03-24,15.9256,14.0245,14.0245,18.1552,-12.03,9,SL,002245
2025-03-11,2025-03-12,2025-03-17,13.7582,15.1036,12.9137,15.1036,9.66,3,TP,603727
2025-03-11,2025-03-12,2025-03-19,13.8902,14.8295,12.1714,14.8295,6.65,5,TP,002488
2025-03-11,2025-03-12,2025-03-19,20.14,19.23,19.23,22.36,-4.62,5,SL,002778
2025-03-13,2025-03-14,2025-03-18,19.9189,18.7924,18.7924,22.1449,-5.76,2,SL,000933
2025-03-13,2025-03-14,2025-04-07,7.3177,6.8724,6.9208,7.6371,-6.19,15,SL,600019
2025-03-13,2025-03-14,2025-03-31,7.7619,6.9643,6.9643,7.9078,-10.37,11,SL,600531
2025-03-13,2025-03-14,2025-03-24,16.3395,14.236,14.236,21.6132,-12.97,6,SL,605208
2025-03-13,2025-03-14,2025-03-24,6.8161,5.9321,5.9321,8.0241,-13.06,6,SL,601789
2025-03-13,2025-03-14,2025-03-24,15.72,12.95,12.95,17.82,-17.71,6,SL,000409
2025-03-13,2025-03-14,2025-03-31,26.75,21.98,21.98,27.39,-17.92,11,SL,600301
2025-03-14,2025-03-17,2025-03-25,24.6189,23.3579,23.3579,29.9682,-5.23,6,SL,603992
2025-03-14,2025-03-17,2025-04-08,13.8958,11.0928,11.9278,17.3251,-20.26,15,SL,603166
2025-03-17,2025-03-18,2025-03-24,34.07,33.0,33.0,39.23,-3.25,4,SL,600259
2025-03-17,2025-03-18,2025-03-31,4.27,3.97,3.97,5.23,-7.13,9,SL,600595
2025-03-18,2025-03-19,2025-04-07,17.36,16.66,16.66,19.22,-4.14,12,SL,000766
2025-03-19,2025-03-20,2025-04-07,39.926,36.2277,36.2277,47.3227,-9.36,11,SL,603678
2025-03-19,2025-03-20,2025-04-07,36.4462,31.9321,33.4434,40.6364,-12.48,11,SL,000408
2025-03-21,2025-03-24,2025-03-28,6.0116,5.5416,5.5416,6.5599,-7.92,4,SL,600711
2025-03-24,2025-03-25,2025-04-11,55.3832,65.414,51.2892,65.414,17.98,12,TP,000733
2025-03-24,2025-03-25,2025-03-27,9.8286,9.25,9.25,11.3929,-5.99,2,SL,001331
2025-03-24,2025-03-25,2025-05-16,53.4671,49.0397,49.0397,66.0926,-8.38,34,SL,603267
2025-03-26,2025-03-27,2025-04-07,57.7817,50.9389,55.2094,67.5643,-11.94,6,SL,002595
2025-03-27,2025-03-28,2025-04-07,11.7201,11.2489,11.2489,13.2317,-4.13,5,SL,001914
2025-03-27,2025-03-28,2025-04-07,5.676,5.3556,5.3556,6.1978,-5.75,5,SL,601886
2025-03-28,2025-03-31,2025-04-07,7.7262,7.5087,7.5087,8.3031,-2.92,4,SL,002233
2025-04-02,2025-04-03,2025-04-07,14.0717,13.4359,13.4359,14.8945,-4.62,1,SL,002749
2025-04-15,2025-04-16,2025-04-28,4.61,4.29,4.29,4.98,-7.04,8,SL,000677
2025-04-23,2025-04-24,2025-04-29,9.7763,9.3617,9.3617,11.3478,-4.35,3,SL,000899
2025-04-28,2025-04-29,2025-05-12,39.1697,36.4748,36.4748,45.6454,-6.98,6,SL,002294
2025-04-29,2025-04-30,2025-07-01,27.4607,33.5243,26.3057,33.5243,21.95,40,TP,002487
2025-05-06,2025-05-07,2025-05-16,56.8947,66.4087,50.3036,66.4087,16.59,7,TP,002891
2025-05-06,2025-05-07,2025-05-30,12.6619,9.805,9.805,15.3197,-22.65,17,SL,002165
2025-05-08,2025-05-09,2025-06-23,12.7617,11.8214,11.8214,15.3141,-7.47,30,SL,603766
2025-05-09,2025-05-12,2025-07-14,15.5572,16.8691,15.2047,16.8691,8.31,44,TP,603858
2025-05-12,2025-05-13,2025-05-26,13.5024,16.6661,12.3,16.6661,23.29,9,TP,002734
2025-05-13,2025-05-14,2025-06-05,31.5146,35.1717,27.542,35.1717,11.48,15,TP,603173
2025-05-13,2025-05-14,2025-07-09,3.1678,3.439,2.9934,3.439,8.44,39,TP,601991
2025-05-14,2025-05-15,2025-08-14,30.6461,40.9115,27.8302,40.9115,33.35,64,TP,603955
2025-05-14,2025-05-15,2025-09-23,10.34,9.75,9.75,12.86,-5.81,92,SL,002856
2025-05-15,2025-05-16,2025-06-12,17.0872,20.4424,15.6576,20.4424,19.5,18,TP,603586
2025-05-15,2025-05-16,2025-08-12,47.5654,52.0265,44.1186,52.0265,9.26,61,TP,603379
2025-05-15,2025-05-16,2025-05-26,3.6486,3.5805,3.5805,4.2519,-1.97,6,SL,002108
2025-05-16,2025-05-19,2025-06-03,3.2852,3.4305,3.1107,3.4305,4.31,10,TP,002958
2025-05-16,2025-05-19,2025-05-26,13.73,13.42,13.42,15.77,-2.37,5,SL,603668
2025-05-16,2025-05-19,2025-05-26,3.68,3.45,3.45,4.25,-6.35,5,SL,603023
2025-05-20,2025-05-21,2025-09-03,4.7296,5.3983,4.5454,5.3983,14.01,74,TP,002948
2025-05-20,2025-05-21,2025-09-18,14.7672,14.2443,14.2443,17.003,-3.65,85,SL,601919
2025-05-21,2025-05-22,2025-05-23,4.08,4.65,3.55,4.59,13.85,1,TP,002471
2025-05-22,2025-05-23,2025-06-05,45.28,54.1,40.55,52.55,19.35,8,TP,600259
2025-05-22,2025-05-23,2025-06-20,21.3,19.79,19.79,23.37,-7.19,19,SL,600771
2025-05-23,2025-05-26,2025-07-17,37.4564,47.4726,33.4837,47.4726,26.6,37,TP,002988
2025-05-23,2025-05-26,2025-05-30,20.1,18.54,18.54,25.35,-7.86,4,SL,605068
2025-05-26,2025-05-27,2025-05-29,7.1024,8.4835,6.3922,8.4835,19.31,2,TP,603839
2025-05-26,2025-05-27,2025-06-17,6.7807,7.4631,6.5907,7.4631,9.94,14,TP,601128
2025-05-26,2025-05-27,2025-06-23,11.8894,12.9085,11.0451,12.9085,8.45,18,TP,600000
2025-05-26,2025-05-27,2025-05-29,15.5367,15.2165,15.2165,17.1185,-2.17,2,SL,600886
2025-05-26,2025-05-27,2025-07-08,8.12,7.26,7.26,10.36,-10.69,29,SL,600735
2025-05-27,2025-05-28,2025-06-06,4.94,6.19,4.53,5.89,25.17,4,TP,002798
2025-05-27,2025-05-28,2025-06-09,56.787,52.0025,52.0025,74.8904,-8.53,7,SL,605198
2025-05-29,2025-05-30,2025-06-05,33.5925,40.3802,27.4764,40.3802,20.07,3,TP,003010
2025-05-29,2025-05-30,2025-06-04,28.4542,30.783,26.8495,30.783,8.07,2,TP,600993
2025-05-29,2025-05-30,2025-08-28,15.62,15.06,15.06,19.57,-3.69,63,SL,603810
2025-05-30,2025-06-03,2025-07-21,8.7051,10.51,8.3193,10.09,20.6,34,TP,603916
2025-05-30,2025-06-03,2025-06-04,15.4254,17.7334,14.0983,17.7334,14.84,1,TP,605599
2025-06-03,2025-06-04,2025-06-13,8.15,7.4,7.4,8.68,-9.3,7,SL,600189
2025-06-06,2025-06-09,2025-06-18,11.29,10.8744,10.8744,13.8137,-3.79,7,SL,002215
2025-06-06,2025-06-09,2025-06-19,10.9377,10.2603,10.2603,13.2588,-6.3,8,SL,603798
2025-06-09,2025-06-10,2025-06-13,28.8586,32.3081,26.3435,32.3081,11.83,3,TP,603655
2025-06-09,2025-06-10,2025-06-16,6.97,6.52,6.52,8.46,-6.56,4,SL,600561
2025-06-11,2025-06-12,2025-09-04,9.6445,9.2974,9.2974,10.5452,-3.71,60,SL,601577
2025-06-11,2025-06-12,2025-06-17,93.7798,87.9062,87.9062,116.6818,-6.37,3,SL,002821
2025-06-11,2025-06-12,2025-06-19,18.681,17.0794,17.0794,21.9326,-8.67,5,SL,002961
2025-06-13,2025-06-16,2025-08-11,7.27,8.8,6.92,8.8,20.91,39,TP,000070
2025-06-13,2025-06-16,2025-06-18,2.62,2.5,2.5,3.42,-4.69,2,SL,002486
2025-06-13,2025-06-16,2025-09-23,6.64,6.3,6.3,7.69,-5.22,71,SL,000663
2025-06-16,2025-06-17,2025-06-18,7.6094,7.2802,7.2802,8.5967,-4.43,1,SL,002038
2025-06-16,2025-06-17,2025-06-18,4.84,4.59,4.59,5.84,-5.27,1,SL,600676
2025-06-16,2025-06-17,2025-06-23,20.0,18.8381,18.8381,22.443,-5.91,4,SL,002932
2025-06-16,2025-06-17,2025-06-19,12.4071,11.6335,11.6335,13.7487,-6.34,2,SL,002399
2025-06-16,2025-06-17,2025-06-19,4.78,4.14,4.14,6.03,-13.48,2,SL,603818
2025-06-17,2025-06-18,2025-07-16,9.25,11.34,8.11,11.34,22.46,20,TP,000506
2025-06-18,2025-06-19,2025-07-29,15.38,18.6667,14.18,18.6667,21.24,28,TP,002317
2025-06-18,2025-06-19,2025-09-11,15.59,17.3789,13.7083,17.3789,11.35,60,TP,002624
2025-06-18,2025-06-19,2025-06-27,6.12,6.4407,5.8309,6.4407,5.12,6,TP,601997
2025-06-18,2025-06-19,2025-06-20,15.2583,14.6578,14.6578,17.5913,-4.04,1,SL,600459
2025-06-19,2025-06-20,2025-06-23,21.4,22.6671,18.8189,22.6671,5.8,1,TP,603706
2025-06-20,2025-06-23,2025-08-06,40.2831,48.4772,39.449,48.4772,20.21,32,TP,000408
2025-06-20,2025-06-23,2025-06-30,4.31,3.66,3.66,4.68,-15.17,5,SL,002109
2025-06-23,2025-06-24,2025-07-02,1.71,1.61,1.61,2.01,-5.95,6,SL,600568
2025-06-23,2025-06-24,2025-07-30,4.24,3.74,3.74,5.13,-11.89,26,SL,002485
2025-06-24,2025-06-25,2025-07-10,4.6028,5.1386,4.3444,5.1386,11.52,11,TP,600016
2025-06-25,2025-06-26,2025-07-07,21.4281,25.86,18.6674,25.86,20.55,7,TP,002558
2025-06-25,2025-06-26,2025-08-18,44.9172,53.7692,39.2621,52.8475,19.58,37,TP,603373
2025-06-25,2025-06-26,2025-07-04,9.74,8.68,8.68,11.87,-10.98,6,SL,002769
2025-06-26,2025-06-27,2025-08-26,43.48,58.6969,40.95,58.6969,34.85,42,TP,002463
2025-06-26,2025-06-27,2025-08-13,4.95,5.79,4.44,5.79,16.84,33,TP,002316
2025-06-26,2025-06-27,2025-07-09,20.4678,22.8146,16.9525,22.8146,11.34,8,TP,603151
2025-06-26,2025-06-27,2025-07-15,35.3,29.93,29.93,46.5054,-15.31,12,SL,603657
2025-06-27,2025-06-30,2025-09-08,4.48,5.31,4.1,5.31,18.4,50,TP,002388
2025-06-27,2025-06-30,2025-07-01,11.68,12.61,10.67,12.61,7.84,1,TP,600673
2025-06-27,2025-06-30,2025-07-22,3.02,2.8,2.8,3.59,-7.39,16,SL,002528
2025-06-30,2025-07-01,2025-07-07,3.05,3.1949,2.8607,3.1949,4.64,4,TP,601860
2025-06-30,2025-07-01,2025-08-15,4.4666,4.3298,4.3298,4.9915,-3.17,33,SL,002839
2025-06-30,2025-07-01,2025-07-31,5.9878,5.6274,5.6274,6.7323,-6.12,22,SL,600901
2025-07-04,2025-07-07,2025-08-12,16.4934,18.7791,15.767,18.7791,13.73,26,TP,002270
2025-07-07,2025-07-08,2025-08-12,6.52,8.4809,5.57,8.4809,29.93,25,TP,002565
2025-07-07,2025-07-08,2025-08-18,10.4,12.29,9.22,12.29,18.04,29,TP,603936
2025-07-07,2025-07-08,2025-07-18,22.4,25.8565,20.86,25.8565,15.3,8,TP,002396
2025-07-07,2025-07-08,2025-07-15,11.18,10.93,10.93,14.55,-2.34,5,SL,603118
2025-07-08,2025-07-09,2025-07-18,27.66,33.53,24.96,33.51,21.09,7,TP,002265
2025-07-08,2025-07-09,2025-12-12,12.86,15.2617,12.29,15.2617,18.55,106,TP,002438
2025-07-09,2025-07-10,2025-07-29,6.64,7.7941,6.44,7.7941,17.25,13,TP,000153
2025-07-09,2025-07-10,2025-07-11,7.95,7.66,7.66,10.28,-3.75,1,SL,000070
2025-07-10,2025-07-11,2025-08-25,47.47,58.1044,44.4939,58.1044,22.27,31,TP,603979
2025-07-10,2025-07-11,2026-01-26,5.92,7.1066,5.37,7.1066,19.91,133,TP,002206
2025-07-10,2025-07-11,2025-07-31,5.02,5.43,4.5,5.43,8.05,14,TP,601162
2025-07-10,2025-07-11,2025-08-28,15.6689,15.3087,15.3087,18.0292,-2.41,34,SL,600182
2025-07-10,2025-07-11,2025-07-15,5.97,5.8135,5.8135,7.0096,-2.73,2,SL,002701
2025-07-10,2025-07-11,2025-09-03,27.08,26.1527,26.1527,31.3474,-3.53,38,SL,000768
2025-07-10,2025-07-11,2025-09-23,7.7,7.3945,7.3945,9.7567,-4.07,52,SL,002724
2025-07-10,2025-07-11,2025-11-04,14.45,13.5649,13.5649,19.8463,-6.23,76,SL,603089
2025-07-10,2025-07-11,2025-08-12,76.8736,71.472,71.472,92.8757,-7.13,22,SL,605123
2025-07-11,2025-07-14,2025-09-10,15.45,18.89,14.5,18.89,22.13,42,TP,605287
2025-07-11,2025-07-14,2025-07-18,39.25,47.5977,35.74,47.5977,21.13,4,TP,002938
2025-07-11,2025-07-14,2025-07-29,11.28,10.8462,10.8462,13.1838,-3.95,11,SL,002893
2025-07-11,2025-07-14,2025-09-19,7.21,6.83,6.83,8.2132,-5.37,49,SL,002753
2025-07-14,2025-07-15,2025-07-18,5.37,5.94,4.26,5.94,10.49,3,TP,601003
2025-07-15,2025-07-16,2025-09-12,3.95,4.61,3.48,4.61,16.58,42,TP,002102
2025-07-15,2025-07-16,2025-08-28,22.7027,22.1775,22.1775,26.0007,-2.42,31,SL,001378
2025-07-16,2025-07-17,2025-08-14,34.84,44.97,31.94,44.588,28.93,20,TP,002913
2025-07-16,2025-07-17,2025-07-24,2.1,2.22,2.04,2.22,5.6,5,TP,600518
2025-07-16,2025-07-17,2025-07-21,4.1,4.22,3.67,4.22,2.81,2,TP,000825
2025-07-16,2025-07-17,2025-12-16,13.73,12.87,12.87,15.1305,-6.37,102,SL,603071
2025-07-17,2025-07-18,2025-07-29,58.21,65.4039,56.2968,65.4039,12.23,7,TP,600276
2025-07-17,2025-07-18,2025-08-11,12.26,13.6875,10.55,13.6875,11.52,16,TP,000811
2025-07-17,2025-07-18,2025-08-25,6.22,6.68,6.09,6.6776,7.28,26,TP,002063
2025-07-17,2025-07-18,2025-07-24,13.94,13.55,13.56,18.01,-2.9,4,SL,002227
2025-07-18,2025-07-21,2025-08-13,304.6899,395.4862,292.9175,395.4862,29.66,17,TP,603444
2025-07-18,2025-07-21,2025-07-29,17.3,19.414,13.99,19.414,12.1,6,TP,600513
2025-07-18,2025-07-21,2025-08-07,6.8997,6.6209,6.6209,7.4772,-4.15,13,SL,600812
2025-07-18,2025-07-21,2025-08-01,23.9,22.3948,22.3948,31.017,-6.4,9,SL,603611
2025-07-18,2025-07-21,2025-07-31,12.65,11.54,11.54,14.6444,-8.88,8,SL,600267
2025-07-21,2025-07-22,2025-07-30,26.8735,33.2822,23.7521,33.2822,23.71,6,TP,601138
2025-07-21,2025-07-22,2025-07-25,26.4768,30.5732,22.84,30.5732,15.34,3,TP,603127
2025-07-21,2025-07-22,2025-08-28,17.5838,19.2972,16.7223,19.2972,9.62,27,TP,603858
2025-07-21,2025-07-22,2025-08-04,15.5441,14.955,15.0041,17.9492,-3.9,9,SL,002056
2025-07-22,2025-07-23,2025-07-31,68.5,82.2367,64.03,82.2367,19.92,6,TP,603486
2025-07-22,2025-07-23,2025-07-28,18.4689,19.7461,17.3696,19.7461,6.8,3,TP,000623
2025-07-22,2025-07-23,2025-07-31,6.8954,6.6981,6.6981,7.7286,-2.97,6,SL,000726
2025-07-22,2025-07-23,2025-07-31,9.3914,8.6055,8.6055,10.6881,-8.47,6,SL,000617
2025-07-23,2025-07-24,2025-08-06,11.94,15.47,11.56,15.2755,29.42,9,TP,603811
2025-07-23,2025-07-24,2025-08-26,135.02,164.9836,121.97,164.9836,22.06,23,TP,002916
2025-07-23,2025-07-24,2025-08-18,26.1,31.2625,24.56,31.2625,19.65,17,TP,002396
2025-07-23,2025-07-24,2025-09-08,16.4437,18.5965,15.3645,18.5965,12.97,32,TP,603201
2025-07-23,2025-07-24,2025-08-11,11.1737,12.4437,10.5141,12.4437,11.24,12,TP,002852
2025-07-23,2025-07-24,2025-07-28,16.57,18.004,15.566,18.004,8.53,2,TP,603848
2025-07-23,2025-07-24,2025-07-28,54.8,52.2,52.2,81.6563,-4.85,2,SL,002384
2025-07-24,2025-07-25,2025-10-15,14.2134,17.8812,13.6801,17.8812,25.67,52,TP,001210
2025-07-24,2025-07-25,2025-08-25,4.87,5.31,4.35,5.31,8.92,21,TP,002716
2025-07-24,2025-07-25,2025-08-04,36.6,39.7117,33.8998,39.7117,8.38,6,TP,600329
2025-07-24,2025-07-25,2025-07-29,13.61,13.32,13.32,15.287,-2.24,2,SL,603071
2025-07-24,2025-07-25,2025-07-31,7.87,7.68,7.68,8.8177,-2.52,4,SL,600195
2025-07-24,2025-07-25,2025-11-21,9.16,8.78,8.78,10.42,-4.25,79,SL,000050
2025-07-24,2025-07-25,2025-11-17,32.6331,30.8414,30.8414,40.5653,-5.59,75,SL,603207
2025-07-24,2025-07-25,2025-07-29,4.34,4.1,4.1,5.03,-5.63,2,SL,000698
2025-07-24,2025-07-25,2025-08-01,11.88,10.1,10.1,12.58,-15.08,5,SL,002163
2025-07-25,2025-07-28,2025-08-01,26.2233,24.7978,24.7978,27.5509,-5.54,4,SL,600850
2025-07-25,2025-07-28,2025-10-10,31.9441,28.2232,28.2232,40.1971,-11.75,48,SL,605118
2025-07-28,2025-07-29,2025-07-30,7.82,8.5574,7.22,8.5574,9.31,1,TP,600330
2025-07-28,2025-07-29,2025-08-05,9.17,9.5439,8.97,9.5439,3.96,5,TP,001286
2025-07-28,2025-07-29,2025-07-30,7.6758,7.9347,7.154,7.9347,3.26,1,TP,002064
2025-07-28,2025-07-29,2025-07-31,12.1795,11.9368,11.9368,13.069,-2.1,2,SL,600508
2025-07-28,2025-07-29,2025-07-31,3.89,3.81,3.81,4.2881,-2.16,2,SL,000778
2025-07-28,2025-07-29,2025-08-01,11.6294,11.301,11.301,12.972,-2.93,3,SL,601898
2025-07-28,2025-07-29,2025-07-31,4.32,4.18,4.18,5.04,-3.35,2,SL,000825
2025-07-28,2025-07-29,2025-07-31,11.5366,11.1561,11.1561,12.7896,-3.4,2,SL,002271
2025-07-28,2025-07-29,2025-08-04,62.96,60.35,60.35,68.6,-4.25,4,SL,600309
2025-07-28,2025-07-29,2025-08-14,25.72,24.1,24.1,29.6133,-6.4,12,SL,600141
2025-07-28,2025-07-29,2025-08-18,5.83,5.45,5.45,6.6686,-6.62,14,SL,000932
2025-07-28,2025-07-29,2025-08-15,3.02,2.82,2.82,3.32,-6.73,13,SL,000717
2025-07-28,2025-07-29,2025-08-28,4.72,4.3,4.3,5.3,-9.0,22,SL,002110
2025-07-29,2025-07-30,2025-09-01,22.3951,26.2271,20.4032,26.2271,16.98,23,TP,600389
2025-07-29,2025-07-30,2025-08-01,20.43,21.2843,18.14,21.2843,4.07,2,TP,605183
2025-07-29,2025-07-30,2025-08-04,6.92,6.63,6.63,7.289,-4.3,3,SL,600918
2025-07-29,2025-07-30,2025-08-26,55.97,52.31,52.31,70.1683,-6.64,19,SL,603275
2025-07-30,2025-07-31,2025-08-20,85.7232,92.2746,81.5274,92.2746,7.52,14,TP,603325
2025-07-31,2025-08-01,2025-09-29,19.7234,22.7198,18.7776,22.7198,15.07,41,TP,000776
2025-07-31,2025-08-01,2025-11-17,5.2548,5.8112,5.0991,5.8112,10.47,70,TP,601339
2025-07-31,2025-08-01,2025-08-04,40.5,39.56,39.56,42.63,-2.43,1,SL,603658
2025-07-31,2025-08-01,2025-08-04,24.09,23.4,23.4,31.2471,-2.97,1,SL,002393
2025-07-31,2025-08-01,2025-08-08,6.53,6.21,6.21,7.4,-5.01,5,SL,600538
2025-07-31,2025-08-01,2025-08-28,5.9,5.51,5.51,6.9594,-6.71,19,SL,600507
2025-08-01,2025-08-04,2025-09-02,25.6,24.23,24.23,28.96,-5.46,21,SL,002362
2025-08-01,2025-08-04,2025-09-03,20.8,19.1,19.1,25.65,-8.27,22,SL,600184
2025-08-04,2025-08-05,2025-08-28,23.64,22.5915,22.5915,26.8329,-4.54,17,SL,003005
2025-08-04,2025-08-05,2025-08-08,11.3123,10.8009,10.8009,13.7009,-4.63,3,SL,603520
2025-08-04,2025-08-05,2025-08-07,13.94,12.95,12.95,16.01,-7.2,2,SL,600539
2025-08-04,2025-08-05,2025-08-20,28.67,24.98,24.98,34.5691,-12.97,11,SL,002755
2025-08-05,2025-08-06,2025-08-15,8.028,7.4304,7.4304,9.522,-7.55,6,SL,600711
2025-08-06,2025-08-07,2025-09-08,12.86,15.38,11.94,15.38,19.46,22,TP,002167
2025-08-06,2025-08-07,2025-09-01,42.96,49.7177,41.13,49.7177,15.6,17,TP,603799
2025-08-06,2025-08-07,2025-08-08,6.04,6.82,5.37,6.82,12.79,1,TP,600651
2025-08-06,2025-08-07,2025-08-08,5.11,5.01,5.01,5.61,-2.06,1,SL,002408
2025-08-06,2025-08-07,2025-08-29,9.35,8.57,8.57,10.58,-8.44,16,SL,600234
2025-08-06,2025-08-07,2025-08-19,29.169,26.4692,26.4692,32.7055,-9.36,8,SL,603992
2025-08-07,2025-08-08,2025-08-14,7.78,7.11,7.11,9.58,-8.71,4,SL,002629
2025-08-07,2025-08-08,2025-09-22,20.33,18.45,18.45,25.9569,-9.35,31,SL,002317
2025-08-08,2025-08-11,2025-08-25,19.9275,22.297,18.7656,22.0755,11.77,10,TP,601688
2025-08-08,2025-08-11,2025-08-22,27.38,30.4593,26.66,30.4593,11.12,9,TP,002156
2025-08-08,2025-08-11,2025-08-25,88.26,95.887,72.65,95.887,8.52,10,TP,603486
2025-08-08,2025-08-11,2025-08-15,40.2,43.4415,36.12,43.4415,7.94,4,TP,603283
2025-08-08,2025-08-11,2025-08-18,76.5665,78.2509,72.4141,78.2509,2.09,5,TP,603160
2025-08-08,2025-08-11,2025-08-14,14.5111,14.1686,14.1686,16.0473,-2.47,3,SL,603182
2025-08-08,2025-08-11,2025-09-18,6.65,6.18,6.18,7.91,-7.17,28,SL,600405
2025-08-12,2025-08-13,2025-08-29,26.87,31.5165,24.6,31.5165,17.16,12,TP,002484
2025-08-12,2025-08-13,2025-08-15,12.0875,12.7687,11.1653,12.7687,5.52,2,TP,002203
2025-08-12,2025-08-13,2025-08-19,56.7926,57.5993,44.5837,57.5993,1.31,4,TP,601869
2025-08-12,2025-08-13,2025-09-02,8.52,8.0818,8.0818,9.5637,-5.25,14,SL,002434
2025-08-12,2025-08-13,2025-08-19,18.03,16.97,16.97,21.13,-5.98,4,SL,002921
2025-08-15,2025-08-18,2025-09-25,20.22,22.62,17.46,22.147,11.75,28,TP,002020
2025-08-15,2025-08-18,2025-08-22,4.92,5.2435,4.8326,5.2435,6.46,4,TP,600717
2025-08-15,2025-08-18,2025-09-08,23.45,24.7179,21.58,24.7179,5.29,15,TP,605507
2025-08-15,2025-08-18,2025-08-28,24.42,23.2104,23.2104,26.3308,-5.06,8,SL,001256
2025-08-18,2025-08-19,2025-08-28,5.9552,5.7889,5.7889,6.4148,-2.9,7,SL,601658
2025-08-19,2025-08-20,2025-09-01,35.1,37.96,33.98,37.96,8.03,8,TP,603650
2025-08-19,2025-08-20,2025-08-28,9.44,8.68,8.68,10.56,-8.15,6,SL,002176
2025-08-19,2025-08-20,2025-08-28,15.75,14.35,14.35,16.7169,-8.99,6,SL,002890
2025-08-20,2025-08-21,2025-09-01,30.88,37.3526,28.96,37.3526,20.83,7,TP,603773
2025-08-20,2025-08-21,2025-08-22,3.84,3.74,3.75,4.55,-2.71,1,SL,600808
2025-08-20,2025-08-21,2025-08-28,26.1,24.25,24.25,29.4339,-7.19,5,SL,603733
2025-08-20,2025-08-21,2025-09-02,16.76,15.33,15.33,17.74,-8.63,8,SL,002885
2025-08-20,2025-08-21,2025-12-04,4.78,4.25,4.25,5.7,-11.19,68,SL,600831
2025-08-21,2025-08-22,2025-08-27,16.15,15.65,15.65,19.2693,-3.2,3,SL,002019
2025-08-21,2025-08-22,2025-10-14,33.0,30.4,30.4,45.11,-7.98,31,SL,002080
2025-08-21,2025-08-22,2025-09-04,50.7386,45.3883,45.3883,55.5329,-10.64,9,SL,002993
2025-08-22,2025-08-25,2025-09-17,11.7,14.7493,11.26,14.7493,25.92,17,TP,002918
2025-08-22,2025-08-25,2025-09-30,7.45,8.45,6.98,8.45,13.3,26,TP,002571
2025-08-22,2025-08-25,2025-08-27,20.462,22.8054,18.8067,22.8054,11.33,2,TP,002922
2025-08-22,2025-08-25,2025-08-26,74.0468,80.6848,67.6561,80.6848,8.84,1,TP,001400
2025-08-22,2025-08-25,2025-08-28,24.42,26.59,23.79,26.4271,8.77,3,TP,601877
2025-08-22,2025-08-25,2025-08-28,6.95,6.72,6.8,7.3956,-3.42,3,SL,000027
2025-08-22,2025-08-25,2025-08-27,15.49,14.95,14.95,18.87,-3.59,2,SL,002326
2025-08-22,2025-08-25,2025-09-03,5.77,5.47,5.47,7.06,-5.3,7,SL,601162
2025-08-22,2025-08-25,2025-08-28,12.62,11.95,11.95,14.3207,-5.41,3,SL,601615
2025-08-22,2025-08-25,2025-08-28,21.96,20.5,20.5,26.73,-6.75,3,SL,603196
2025-08-22,2025-08-25,2025-09-02,21.8365,20.3477,20.3477,24.6157,-6.92,6,SL,002967
2025-08-22,2025-08-25,2025-09-19,24.86,22.69,22.69,26.47,-8.83,19,SL,603075
2025-08-22,2025-08-25,2025-08-28,15.61,14.037,14.037,16.9874,-10.18,3,SL,600458
2025-08-25,2025-08-26,2025-09-12,11.22,12.41,10.2,12.35,10.48,13,TP,000752
2025-08-25,2025-08-26,2025-09-08,9.02,9.93,8.43,9.82,9.97,9,TP,002723
2025-08-25,2025-08-26,2025-09-02,8.16,7.72,7.72,9.46,-5.5,5,SL,600421
2025-08-26,2025-08-27,2025-09-17,37.4513,42.7658,32.6263,42.7658,14.06,15,TP,603319
2025-08-26,2025-08-27,2025-08-28,38.5198,36.9364,37.5837,46.666,-4.22,1,SL,002801
2025-08-26,2025-08-27,2025-09-02,81.9,78.47,78.47,95.6203,-4.29,4,SL,002049
2025-08-26,2025-08-27,2025-08-28,22.01,21.01,21.44,25.23,-4.65,1,SL,002886
2025-08-26,2025-08-27,2025-09-02,6.786,6.4487,6.4487,7.4671,-5.08,4,SL,002500
2025-08-26,2025-08-27,2025-08-28,3.79,3.56,3.6,4.46,-6.17,1,SL,600654
2025-08-26,2025-08-27,2025-09-04,11.65,10.89,10.89,12.13,-6.63,6,SL,002106
2025-08-26,2025-08-27,2025-09-03,15.72,14.5,14.5,18.32,-7.86,5,SL,000970
2025-08-26,2025-08-27,2025-09-04,30.03,27.07,27.07,32.9238,-9.96,6,SL,002368
2025-08-26,2025-08-27,2025-09-04,34.58,30.0,30.0,40.4125,-13.34,6,SL,002553
2025-08-27,2025-08-28,2025-10-23,28.98,25.46,25.46,33.04,-12.24,34,SL,002428
2025-08-28,2025-08-29,2025-09-12,33.9,42.946,30.38,42.946,26.55,10,TP,600580
2025-08-28,2025-08-29,2025-09-12,67.0,76.7198,57.7,76.7198,14.38,10,TP,000799
2025-08-28,2025-08-29,2025-09-18,9.8324,10.9282,9.4573,10.9282,11.02,14,TP,002632
2025-08-28,2025-08-29,2025-09-02,59.94,66.5,54.9,66.5,10.82,2,TP,601689
2025-08-28,2025-08-29,2025-09-24,29.56,32.7412,27.94,32.7412,10.64,18,TP,603867
2025-08-28,2025-08-29,2025-10-16,25.95,28.36,24.97,28.36,9.17,28,TP,600885
2025-08-28,2025-08-29,2025-09-02,4.47,4.87,4.21,4.87,8.83,2,TP,601099
2025-08-28,2025-08-29,2025-09-01,5.5,5.6781,4.44,5.6781,3.12,1,TP,002131
2025-08-28,2025-08-29,2025-09-01,64.0391,65.1942,59.3401,65.1942,1.69,1,TP,600660
2025-08-28,2025-08-29,2025-09-03,9.97,9.75,9.75,10.5474,-2.31,3,SL,600004
2025-08-28,2025-08-29,2025-09-03,11.63,11.11,11.11,13.62,-4.58,3,SL,002185
2025-08-28,2025-08-29,2025-09-04,40.2018,37.7735,37.7735,44.3689,-6.14,4,SL,600584
2025-08-28,2025-08-29,2025-09-04,16.85,15.64,15.64,18.78,-7.28,4,SL,603025
2025-08-28,2025-08-29,2025-09-29,40.39,36.75,36.75,45.2179,-9.11,21,SL,003019
2025-08-28,2025-08-29,2025-09-04,5.94,5.34,5.34,6.58,-10.2,4,SL,000536
2025-08-28,2025-08-29,2025-09-02,55.17,49.26,49.26,62.04,-10.81,2,SL,603722
2025-08-28,2025-08-29,2025-09-09,13.6,12.14,12.14,15.04,-10.83,7,SL,603118
2025-08-28,2025-08-29,2025-09-02,24.1428,21.488,21.488,27.0257,-11.09,2,SL,000887
2025-08-29,2025-09-01,2025-09-02,164.11,179.28,139.71,168.7219,9.12,1,TP,603986
2025-09-01,2025-09-02,2025-09-18,7.02,7.8,6.22,7.8,10.99,12,TP,600869
2025-09-01,2025-09-02,2025-09-18,16.43,16.983,14.88,16.983,3.25,12,TP,600522
2025-09-02,2025-09-03,2025-09-09,29.0,26.82,26.82,31.29,-7.62,4,SL,000938
2025-09-03,2025-09-04,2025-09-09,39.9,41.7981,37.8991,41.7981,4.64,3,TP,600298
2025-09-04,2025-09-05,2025-10-20,73.49,90.2,68.6,90.2,22.6,25,TP,603822
2025-09-05,2025-09-08,2025-09-16,60.69,54.51,54.51,95.34,-10.28,6,SL,600113
2025-09-08,2025-09-09,2025-09-19,104.44,125.6,86.8,125.6,20.13,8,TP,605288
2025-09-09,2025-09-10,2025-11-05,17.11,19.59,15.35,19.59,14.37,34,TP,603610
2025-09-09,2025-09-10,2025-09-16,6.56,7.3059,6.19,7.3059,11.25,4,TP,002627
2025-09-10,2025-09-11,2025-09-30,93.68,106.06,87.99,106.06,13.09,13,TP,002028
2025-09-10,2025-09-11,2025-09-15,19.27,21.72,18.1,21.72,12.59,2,TP,000603
2025-09-10,2025-09-11,2025-09-25,15.4047,16.8492,13.8415,16.8492,9.26,10,TP,600176
2025-09-10,2025-09-11,2025-09-22,26.7298,25.2244,25.2244,30.3197,-5.74,7,SL,600426
2025-09-11,2025-09-12,2025-10-21,27.0642,27.7235,24.9089,27.7235,2.32,21,TP,002831
2025-09-11,2025-09-12,2025-10-13,18.95,17.23,17.29,22.0,-9.18,15,SL,603685
2025-09-12,2025-09-15,2025-09-25,46.99,56.18,37.35,52.7,19.43,8,TP,603090
2025-09-12,2025-09-15,2025-09-16,3.83,4.02,3.48,3.84,4.85,1,TP,600525
2025-09-15,2025-09-16,2025-09-23,23.15,25.6807,20.45,25.6807,10.81,5,TP,601717
2025-09-15,2025-09-16,2025-09-18,38.7144,38.0317,38.0317,42.3256,-1.87,2,SL,002223
2025-09-15,2025-09-16,2025-09-17,28.34,27.0,27.0,30.96,-4.83,1,SL,001337
2025-09-15,2025-09-16,2025-09-22,16.85,15.41,15.41,18.7132,-8.65,4,SL,603806
2025-09-16,2025-09-17,2025-09-22,5.29,5.12,5.12,5.8091,-3.32,3,SL,600516
2025-09-16,2025-09-17,2025-09-19,7.33,7.07,7.07,8.2621,-3.65,2,SL,002169
2025-09-16,2025-09-17,2025-11-24,7.83,7.48,7.48,10.36,-4.58,42,SL,002121
2025-09-16,2025-09-17,2025-12-16,26.68,25.45,25.45,34.85,-4.72,58,SL,603659
2025-09-16,2025-09-17,2025-09-23,11.28,10.64,10.64,13.2369,-5.78,4,SL,601311
2025-09-16,2025-09-17,2025-10-09,12.85,11.62,11.6366,13.2832,-9.67,10,SL,600026
2025-09-17,2025-09-18,2025-09-26,30.4657,34.4013,25.4413,34.4013,12.79,6,TP,002709
2025-09-18,2025-09-19,2025-09-22,8.8961,8.4002,8.4002,10.8499,-5.68,1,SL,601872
2025-09-19,2025-09-22,2025-11-17,112.8,100.0,100.0,133.85,-11.45,34,SL,603019
2025-09-19,2025-09-22,2025-10-23,35.18,31.09,31.09,47.7847,-11.72,17,SL,002048
2025-09-23,2025-09-24,2025-10-21,21.45,26.74,19.88,26.74,24.52,13,TP,605287
2025-09-23,2025-09-24,2025-09-26,13.6,14.6,13.05,14.6,7.23,2,TP,600388
2025-09-23,2025-09-24,2025-10-13,13.5,11.99,12.18,14.01,-11.28,7,SL,002088
2025-09-24,2025-09-25,2025-10-14,21.89,25.15,19.07,25.15,14.77,7,TP,603813
2025-09-24,2025-09-25,2025-09-26,45.663,43.6772,43.6772,59.8712,-4.45,1,SL,603920
2025-09-24,2025-09-25,2025-09-26,10.82,10.27,10.27,15.97,-5.19,1,SL,600601
2025-09-24,2025-09-25,2025-09-26,82.71,78.48,78.48,101.11,-5.22,1,SL,001389
2025-09-24,2025-09-25,2025-09-29,32.02,28.38,28.38,42.8623,-11.47,2,SL,002364
2025-09-24,2025-09-25,2025-10-14,74.5,63.55,63.55,88.77,-14.79,7,SL,002335
2025-09-25,2025-09-26,2025-09-29,11.23,12.14,9.52,11.64,7.98,1,TP,000559
2025-09-26,2025-09-29,2025-10-10,38.68,44.64,35.0,44.64,15.28,3,TP,605318
2025-09-26,2025-09-29,2025-10-13,31.66,29.1637,29.1637,32.9793,-7.99,4,SL,603755
2025-09-26,2025-09-29,2025-10-13,127.4,116.97,120.56,171.63,-8.29,4,SL,002779
2025-09-26,2025-09-29,2025-10-10,21.26,19.25,19.25,26.19,-9.55,3,SL,002245
2025-09-26,2025-09-29,2025-11-03,59.49,52.76,52.76,68.6586,-11.41,19,SL,605376
2025-09-26,2025-09-29,2025-10-15,46.17,38.441,38.441,57.3875,-16.83,6,SL,002558
2025-09-29,2025-09-30,2025-11-06,167.79,220.4028,126.69,220.4028,31.21,21,TP,603516
2025-09-29,2025-09-30,2025-10-15,43.67,41.0246,41.0246,49.775,-6.16,5,SL,002683
2025-09-29,2025-09-30,2025-10-10,24.46,22.15,22.15,27.4,-9.54,2,SL,603790
2025-09-30,2025-10-09,2025-10-29,17.56,15.38,15.38,22.6,-12.51,14,SL,002918
2025-10-10,2025-10-13,2025-10-30,33.88,37.42,30.04,37.42,10.33,13,TP,605358
2025-10-13,2025-10-14,2025-10-15,49.99,45.0,47.21,62.12,-10.08,1,SL,603283
2025-10-14,2025-10-15,2025-10-17,15.65,14.96,14.96,17.11,-4.51,2,SL,002949
2025-10-15,2025-10-16,2025-11-06,20.2,25.68,18.12,24.14,26.99,15,TP,600089
2025-10-15,2025-10-16,2025-10-28,10.54,11.8,9.78,11.8,11.83,8,TP,601061
2025-10-15,2025-10-16,2025-10-17,8.38,8.0,8.0,9.47,-4.64,1,SL,600667
2025-10-15,2025-10-16,2025-10-20,18.7,17.67,17.67,22.68,-5.61,2,SL,000878
2025-10-15,2025-10-16,2025-11-04,33.81,31.8922,31.8922,36.557,-5.78,13,SL,002415
2025-10-15,2025-10-16,2025-10-17,13.11,12.28,12.28,14.71,-6.43,1,SL,002533
2025-10-17,2025-10-20,2025-10-31,69.09,92.3,56.46,92.3,33.45,9,TP,603301
2025-10-20,2025-10-21,2025-10-28,8.57,9.5568,8.1562,9.5568,11.39,5,TP,601600
2025-10-20,2025-10-21,2025-10-23,23.12,24.01,20.38,24.01,3.74,2,TP,000933
2025-10-20,2025-10-21,2025-10-22,8.78,7.99,7.99,11.73,-9.1,1,SL,600490
2025-10-23,2025-10-24,2025-12-24,20.3346,24.5591,18.5916,24.5591,20.64,43,TP,600801
2025-10-23,2025-10-24,2025-11-10,17.85,17.15,17.15,20.84,-4.03,11,SL,605008
2025-10-23,2025-10-24,2025-10-29,18.06,17.15,17.15,20.01,-5.14,3,SL,002919
2025-10-23,2025-10-24,2025-11-19,10.99,10.4,10.4,12.49,-5.47,18,SL,000672
2025-10-29,2025-10-30,2025-11-10,4.85,5.26,4.51,5.26,8.33,7,TP,600115
2025-10-29,2025-10-30,2025-11-03,27.27,28.3325,26.5489,28.3325,3.78,2,TP,600938
2025-10-29,2025-10-30,2025-11-18,14.96,14.45,14.45,16.8739,-3.52,13,SL,600188
2025-10-29,2025-10-30,2025-11-21,24.52,23.23,23.23,28.51,-5.37,16,SL,603217
2025-10-29,2025-10-30,2025-11-06,8.47,7.54,7.54,11.18,-11.08,5,SL,600107
2025-10-30,2025-10-31,2025-11-11,28.05,35.92,25.15,35.92,27.92,7,TP,603813
2025-10-30,2025-10-31,2025-11-19,22.31,20.75,20.75,23.9,-7.09,13,SL,603272
2025-10-31,2025-11-03,2025-12-02,14.73,15.9784,14.1,15.9784,8.36,21,TP,000708
2025-10-31,2025-11-03,2025-11-04,11.54,11.07,11.07,13.18,-4.18,1,SL,603020
2025-11-03,2025-11-04,2025-11-12,4.28,4.52,3.88,4.52,5.49,6,TP,600496
2025-11-03,2025-11-04,2025-12-16,27.8,26.3,26.3,32.72,-5.5,30,SL,002829
2025-11-05,2025-11-06,2025-11-07,4.4147,4.7842,4.1063,4.6504,8.25,1,TP,600219
2025-11-05,2025-11-06,2025-11-11,28.7,30.99,23.25,30.16,7.86,3,TP,002213
2025-11-05,2025-11-06,2025-11-11,8.12,8.3567,7.7884,8.3567,2.8,3,TP,600032
2025-11-05,2025-11-06,2025-11-21,23.19,22.49,22.49,27.02,-3.13,11,SL,001218
2025-11-05,2025-11-06,2025-11-24,5.45,5.2309,5.2309,6.0455,-4.13,12,SL,600795
2025-11-05,2025-11-06,2025-11-19,15.97,15.0,15.0,18.07,-6.18,9,SL,603356
2025-11-05,2025-11-06,2025-11-18,5.13,4.65,4.65,5.55,-9.46,8,SL,002689
2025-11-05,2025-11-06,2025-11-21,32.25,27.62,27.62,40.0,-14.45,11,SL,605287
2025-11-07,2025-11-10,2025-11-18,12.88,14.0202,12.1101,14.0202,8.73,6,TP,601360
2025-11-07,2025-11-10,2025-11-12,38.63,36.84,36.84,43.25,-4.74,2,SL,605258
2025-11-10,2025-11-11,2026-01-16,150.31,185.89,127.19,179.38,23.54,46,TP,002028
2025-11-10,2025-11-11,2025-11-17,6.76,8.12,6.2,7.76,19.99,4,TP,000955
2025-11-10,2025-11-11,2025-11-17,9.02,8.76,8.76,10.01,-2.99,4,SL,600064
2025-11-10,2025-11-11,2025-12-05,11.1526,10.7195,10.7195,12.7473,-3.99,18,SL,601963
2025-11-10,2025-11-11,2025-11-21,5.53,5.28,5.28,5.8,-4.63,8,SL,600269
2025-11-10,2025-11-11,2025-11-17,23.97,22.3,22.4813,26.2082,-7.07,4,SL,000777
2025-11-10,2025-11-11,2025-11-17,19.09,17.67,17.76,21.89,-7.54,4,SL,603025
2025-11-11,2025-11-12,2025-11-21,9.15,12.65,7.79,12.65,38.1,4,TP,000592
2025-11-11,2025-11-12,2025-11-14,21.05,21.73,19.15,21.73,3.12,2,TP,002612
2025-11-11,2025-11-12,2025-12-15,6.27,5.67,5.67,7.03,-9.67,23,SL,002388
2025-11-12,2025-11-13,2026-02-26,3.95,4.9,3.39,4.85,23.91,67,TP,002047
2025-11-12,2025-11-13,2025-11-17,12.94,13.71,11.96,13.71,5.83,2,TP,600773
2025-11-12,2025-11-13,2025-11-14,4.89,5.0669,3.93,5.0669,3.5,1,TP,600067
2025-11-12,2025-11-13,2025-11-19,5.77,5.6,5.6,6.15,-3.05,4,SL,600163
2025-11-12,2025-11-13,2025-11-18,3.01,2.89,2.89,3.58,-4.09,3,SL,002638
2025-11-12,2025-11-13,2025-11-14,16.12,15.0,15.0,17.36,-7.05,1,SL,002112
2025-11-13,2025-11-14,2025-12-31,9.94,10.44,9.24,10.44,4.91,33,TP,601857
2025-11-13,2025-11-14,2025-11-17,19.88,19.01,19.01,22.9324,-4.48,1,SL,600989
2025-11-13,2025-11-14,2025-12-15,16.4,15.41,15.41,17.17,-6.14,21,SL,603580
2025-11-14,2025-11-17,2026-01-13,17.89,19.108,16.21,19.108,6.69,39,TP,000338
2025-11-14,2025-11-17,2025-11-19,27.7,26.8936,26.8936,31.2596,-3.02,2,SL,603629
2025-11-14,2025-11-17,2025-11-21,10.3874,9.45,9.5119,11.8334,-9.12,4,SL,002091
2025-11-17,2025-11-18,2025-11-20,13.09,13.45,11.88,13.45,2.64,2,TP,002312
2025-11-17,2025-11-18,2025-11-21,26.16,25.4,25.4,29.07,-3.01,3,SL,600754
2025-11-17,2025-11-18,2025-11-20,3.22,3.01,3.01,3.42,-6.62,2,SL,002247
2025-11-17,2025-11-18,2025-11-19,5.48,5.03,5.03,6.32,-8.31,1,SL,600515
2025-11-17,2025-11-18,2025-12-10,10.38,9.46,9.46,11.5,-8.96,16,SL,600599
2025-11-17,2025-11-18,2025-12-03,37.1,29.54,29.54,43.57,-20.46,11,SL,603978
2025-11-18,2025-11-19,2025-11-27,58.72,59.0893,46.34,59.0893,0.52,6,TP,603929
2025-11-19,2025-11-20,2025-11-24,16.27,15.77,15.77,20.93,-3.18,2,SL,002214
2025-11-21,2025-11-24,2025-11-28,7.9,10.83,7.03,10.83,36.94,4,TP,603778
2025-11-28,2025-12-01,2025-12-31,8.83,10.0,8.45,10.0,13.13,22,TP,600969
2025-12-01,2025-12-02,2025-12-15,16.7594,15.95,15.9708,18.5361,-4.93,9,SL,002729
2025-12-01,2025-12-02,2025-12-04,9.6,8.93,8.94,11.4,-7.08,2,SL,002279
2025-12-05,2025-12-08,2025-12-17,2.91,2.52,2.52,3.28,-13.5,7,SL,600568
2025-12-09,2025-12-10,2025-12-17,6.34,5.39,5.39,7.34,-15.08,5,SL,002596
2025-12-10,2025-12-11,2025-12-24,59.39,78.11,56.1,74.35,31.38,9,TP,603163
2025-12-10,2025-12-11,2025-12-15,27.19,26.36,26.36,34.04,-3.16,2,SL,603217
2025-12-11,2025-12-12,2025-12-16,14.5,17.33,12.41,17.33,19.39,2,TP,600151
2025-12-15,2025-12-16,2025-12-19,28.8,26.97,26.97,34.18,-6.46,3,SL,002961
2025-12-15,2025-12-16,2026-01-30,150.0,127.6,127.6,233.8163,-15.03,24,SL,605255
2025-12-16,2025-12-17,2025-12-29,5.89,5.63,5.63,6.5688,-4.52,8,SL,600795
2025-12-18,2025-12-19,2026-01-07,16.78,16.2,16.2,20.02,-3.56,11,SL,000811
2025-12-19,2025-12-22,2026-01-07,76.78,80.34,65.31,80.34,4.52,10,TP,003031
2025-12-22,2025-12-23,2025-12-30,9.84,9.38,9.38,11.86,-4.78,5,SL,600969
2025-12-23,2025-12-24,2026-02-04,10.14,11.3181,9.72,11.3181,11.5,28,TP,601369
2025-12-23,2025-12-24,2025-12-25,87.85,94.94,80.48,94.94,7.95,1,TP,605123
2025-12-26,2025-12-29,2026-01-28,5.62,5.48,5.48,7.02,-2.6,20,SL,600115
2025-12-29,2025-12-30,2026-01-27,43.89,42.51,42.51,47.96,-3.25,18,SL,600298
2025-12-30,2025-12-31,2026-01-06,42.64,46.28,40.24,46.28,8.42,2,TP,601601
2025-12-30,2025-12-31,2026-01-22,4.14,4.49,3.93,4.49,8.33,14,TP,000415
2025-12-30,2025-12-31,2026-01-27,26.05,24.83,24.83,31.68,-4.79,17,SL,002134
2026-01-06,2026-01-07,2026-04-09,26.87,34.9017,23.34,34.9017,29.75,59,TP,600105
2026-01-07,2026-01-08,2026-01-12,42.83,49.38,40.37,49.38,15.17,2,TP,605090
2026-01-07,2026-01-08,2026-01-14,56.5,60.3995,44.93,60.3995,6.78,4,TP,600362
2026-01-12,2026-01-13,2026-01-14,49.0,42.86,42.86,61.96,-12.63,1,SL,605086
2026-01-13,2026-01-14,2026-01-21,21.0,25.25,18.17,25.25,20.11,5,TP,603626
2026-01-13,2026-01-14,2026-01-21,17.5,19.27,16.05,19.27,9.99,5,TP,002182
2026-01-13,2026-01-14,2026-01-15,6.93,6.72,6.73,8.03,-3.14,1,SL,600707
2026-01-13,2026-01-14,2026-02-27,16.66,15.78,15.78,19.81,-5.39,26,SL,002414
2026-01-14,2026-01-15,2026-01-21,17.49,19.22,16.55,19.22,9.77,4,TP,605599
2026-01-14,2026-01-15,2026-01-26,37.82,39.96,35.04,39.96,5.54,7,TP,002978
2026-01-14,2026-01-15,2026-01-30,76.79,73.0,73.0,89.99,-5.04,11,SL,603799
2026-01-15,2026-01-16,2026-01-19,33.45,35.03,28.27,35.03,4.61,1,TP,605116
2026-01-15,2026-01-16,2026-03-02,70.88,62.97,64.0,88.5,-11.26,25,SL,603286
2026-01-16,2026-01-19,2026-01-29,8.88,9.9133,8.5,9.9133,11.51,8,TP,601886
2026-01-19,2026-01-20,2026-02-26,33.98,38.2,29.65,38.2,12.3,21,TP,000792
2026-01-19,2026-01-20,2026-01-26,3.54,3.93,3.4,3.93,10.89,4,TP,000629
2026-01-19,2026-01-20,2026-01-23,4.48,4.73,3.93,4.73,5.46,3,TP,600525
2026-01-20,2026-01-21,2026-01-23,60.36,64.5737,50.0,64.5737,6.86,2,TP,603920
2026-01-20,2026-01-21,2026-01-22,76.43,81.14,64.97,81.14,6.05,1,TP,600259
2026-01-20,2026-01-21,2026-02-09,45.04,43.2,43.2,51.5,-4.19,13,SL,001215
2026-01-20,2026-01-21,2026-02-02,17.17,16.27,16.27,21.0,-5.35,8,SL,002284
2026-01-21,2026-01-22,2026-02-10,9.38,11.37,8.51,11.16,21.08,13,TP,002429
2026-01-22,2026-01-23,2026-01-29,55.0,71.5,48.18,69.26,29.86,4,TP,000426
2026-01-22,2026-01-23,2026-02-26,30.19,33.51,25.26,33.51,10.87,18,TP,603057
2026-01-22,2026-01-23,2026-01-26,19.54,20.96,17.23,20.96,7.15,1,TP,601958
2026-01-23,2026-01-26,2026-02-05,12.56,13.61,10.65,13.61,8.24,8,TP,002488
2026-01-23,2026-01-26,2026-01-30,18.2,16.76,16.76,19.69,-8.01,4,SL,603166
2026-01-23,2026-01-26,2026-02-10,15.06,13.8,13.85,15.61,-8.47,11,SL,603165
2026-01-26,2026-01-27,2026-03-04,17.06,15.51,15.66,19.44,-9.19,20,SL,002258
2026-01-27,2026-01-28,2026-02-26,10.17,10.879,9.1555,10.879,6.85,15,TP,002452
2026-01-27,2026-01-28,2026-02-10,22.83,24.1917,20.6192,24.1917,5.85,9,TP,603638
2026-01-27,2026-01-28,2026-01-29,25.83,26.93,21.98,26.93,4.14,1,TP,000923
2026-01-27,2026-01-28,2026-01-30,11.18,10.45,10.45,12.43,-6.63,2,SL,002606
2026-01-27,2026-01-28,2026-03-03,28.39,26.24,26.24,30.4957,-7.67,18,SL,001207
2026-01-27,2026-01-28,2026-02-02,20.66,18.98,18.98,24.11,-8.23,3,SL,600955
2026-01-27,2026-01-28,2026-03-03,33.78,29.88,29.88,37.17,-11.64,18,SL,002899
2026-01-27,2026-01-28,2026-03-02,15.82,13.72,13.72,17.14,-13.37,17,SL,002856
2026-01-27,2026-01-28,2026-03-20,19.95,16.72,16.72,20.59,-16.28,31,SL,002849
2026-01-28,2026-01-29,2026-03-04,10.42,9.54,9.54,11.92,-8.55,18,SL,603730
2026-01-29,2026-01-30,2026-02-11,47.93,61.24,41.84,59.44,27.63,8,TP,605287
2026-01-30,2026-02-02,2026-02-26,94.2,107.48,77.77,107.48,13.97,12,TP,002353
2026-01-30,2026-02-02,2026-02-24,39.0,43.42,33.95,43.42,11.21,10,TP,601126
2026-01-30,2026-02-02,2026-02-04,6.76,7.27,6.07,7.27,7.43,2,TP,600770
2026-01-30,2026-02-02,2026-02-26,107.62,114.69,89.37,114.69,6.45,12,TP,001389
2026-02-02,2026-02-03,2026-02-04,22.33,25.6,19.4,24.92,14.52,1,TP,605599
2026-02-02,2026-02-03,2026-02-26,18.72,19.45,17.38,19.45,3.79,11,TP,002833
2026-02-02,2026-02-03,2026-03-16,17.1,15.9,15.9,19.87,-7.12,23,SL,002271
2026-02-03,2026-02-04,2026-02-13,68.71,65.8,65.8,80.38,-4.34,7,SL,603379
2026-02-03,2026-02-04,2026-03-04,25.4,23.69,23.69,28.1186,-6.83,14,SL,605016
2026-02-03,2026-02-04,2026-03-04,15.38,13.74,13.75,17.69,-10.76,14,SL,002319
2026-02-04,2026-02-05,2026-02-26,3.22,3.8,3.01,3.66,17.88,9,TP,002021
2026-02-05,2026-02-06,2026-02-13,23.36,31.47,21.5,31.04,34.57,5,TP,002378
2026-02-05,2026-02-06,2026-02-10,12.4,15.53,10.75,14.53,25.1,2,TP,002440
2026-02-05,2026-02-06,2026-03-02,35.5,41.45,30.58,41.45,16.63,10,TP,002155
2026-02-05,2026-02-06,2026-03-16,14.2,13.3,13.3,17.42,-6.44,20,SL,002493
2026-02-06,2026-02-09,2026-02-12,16.35,18.63,14.91,18.63,13.82,3,TP,600026
2026-02-06,2026-02-09,2026-02-12,9.9,11.2,8.55,11.2,13.01,3,TP,600841
2026-02-06,2026-02-09,2026-02-24,21.88,23.9856,19.8851,23.9856,9.5,5,TP,605056
2026-02-06,2026-02-09,2026-02-24,9.32,10.08,8.34,10.08,8.04,5,TP,603002
2026-02-10,2026-02-11,2026-03-03,13.0,14.0,11.5,14.0,7.57,8,TP,000301
2026-02-13,2026-02-24,2026-03-10,9.67,11.19,8.86,11.19,15.59,10,TP,002531
2026-02-13,2026-02-24,2026-02-26,11.58,12.89,10.42,12.89,11.19,2,TP,000039
2026-02-13,2026-02-24,2026-03-04,15.05,14.0,14.14,17.27,-7.08,6,SL,603599
2026-02-13,2026-02-24,2026-03-19,17.54,15.2,15.2,18.9,-13.44,17,SL,600499
2026-02-24,2026-02-25,2026-03-11,3.22,3.74,3.05,3.7,16.02,10,TP,603557
2026-02-24,2026-02-25,2026-03-09,15.5,13.21,13.21,19.45,-14.87,8,SL,002440
2026-02-25,2026-02-26,2026-03-02,26.1,31.78,23.58,31.78,21.63,2,TP,600522
2026-02-25,2026-02-26,2026-03-06,80.21,72.65,72.65,107.25,-9.52,6,SL,603186
2026-02-26,2026-02-27,2026-03-02,20.87,20.33,20.33,24.36,-2.69,1,SL,000951
2026-02-26,2026-02-27,2026-03-02,30.86,29.95,29.95,35.53,-3.06,1,SL,001358
2026-02-26,2026-02-27,2026-03-03,24.6,23.83,23.83,30.27,-3.24,2,SL,603320
2026-02-27,2026-03-02,2026-03-04,16.85,15.52,15.6,20.94,-7.99,2,SL,600352
2026-02-27,2026-03-02,2026-03-13,27.38,24.9,24.9,29.23,-9.16,9,SL,001230
2026-02-27,2026-03-02,2026-03-19,27.98,23.68,23.68,32.58,-15.46,13,SL,600176
2026-03-02,2026-03-03,2026-03-18,12.35,11.26,11.26,13.12,-8.93,11,SL,600983
2026-03-03,2026-03-04,2026-03-23,24.87,21.63,21.66,29.02,-13.12,13,SL,603191
2026-03-04,2026-03-05,2026-03-09,35.75,33.02,33.1,40.57,-7.74,2,SL,605589
2026-03-05,2026-03-06,2026-03-09,8.66,8.3,8.3,10.89,-4.26,1,SL,600409
2026-03-06,2026-03-09,2026-03-13,26.1,26.96,23.8,26.96,3.18,4,TP,601225
2026-03-06,2026-03-09,2026-03-23,7.69,7.4,7.4,8.29,-3.88,10,SL,600098
2026-03-09,2026-03-10,2026-03-12,9.4,11.57,8.57,11.57,22.95,2,TP,600172
2026-03-09,2026-03-10,2026-03-11,69.66,75.53,60.01,75.53,8.31,1,TP,002756
2026-03-09,2026-03-10,2026-03-11,7.09,6.84,6.84,8.18,-3.63,1,SL,600507
2026-03-09,2026-03-10,2026-03-13,13.2,12.38,12.38,16.63,-6.32,3,SL,000039
2026-03-09,2026-03-10,2026-03-23,10.4,9.45,9.45,11.313,-9.23,9,SL,000697
2026-03-09,2026-03-10,2026-03-16,17.54,15.3,15.3,20.74,-12.87,4,SL,002448
2026-03-09,2026-03-10,2026-03-19,61.18,52.5,52.5,68.8,-14.28,7,SL,600893
2026-03-09,2026-03-10,2026-03-13,53.9,44.51,44.51,61.47,-17.51,3,SL,603950
2026-03-10,2026-03-11,2026-04-29,19.9,22.92,17.97,22.92,15.05,34,TP,600188
2026-03-10,2026-03-11,2026-03-31,11.07,10.78,10.78,12.29,-2.73,14,SL,001286
2026-03-10,2026-03-11,2026-03-17,32.6,31.58,31.58,37.56,-3.24,4,SL,002128
2026-03-10,2026-03-11,2026-04-07,9.02,8.59,8.59,9.42,-4.87,18,SL,600642
2026-03-10,2026-03-11,2026-03-17,9.5,8.89,8.89,11.05,-6.52,4,SL,000683
2026-03-10,2026-03-11,2026-03-18,9.6,8.98,8.98,11.53,-6.56,5,SL,000968
2026-03-10,2026-03-11,2026-04-08,41.66,36.51,37.3,47.25,-12.46,19,SL,600938
2026-03-10,2026-03-11,2026-05-07,36.73,32.08,32.08,40.35,-12.76,37,SL,002001
2026-03-13,2026-03-16,2026-03-20,14.66,13.23,13.23,15.7163,-9.85,4,SL,002140
2026-03-13,2026-03-16,2026-03-18,7.58,6.83,6.83,11.25,-9.99,2,SL,600759
2026-03-13,2026-03-16,2026-03-23,4.05,3.57,3.63,4.82,-11.95,5,SL,600545
2026-03-18,2026-03-19,2026-03-27,10.12,9.21,9.21,11.48,-9.09,6,SL,603421
2026-03-19,2026-03-20,2026-04-03,33.68,29.88,29.88,41.0,-11.38,10,SL,002150
2026-03-26,2026-03-27,2026-05-14,16.05,19.1,12.13,19.1,18.87,30,TP,001896
2026-03-27,2026-03-30,2026-04-27,5.48,5.09,5.09,6.76,-7.22,19,SL,600525
2026-04-02,2026-04-03,2026-04-13,15.26,14.79,14.79,17.08,-3.19,5,SL,002468
2026-04-02,2026-04-03,2026-04-14,5.06,4.5,4.63,6.51,-11.16,6,SL,000669
2026-04-07,2026-04-08,2026-04-15,43.24,52.04,35.62,52.04,20.22,5,TP,603538
2026-04-07,2026-04-08,2026-05-06,81.16,91.31,76.15,91.31,12.38,17,TP,002460
2026-04-07,2026-04-08,2026-04-17,66.59,58.88,59.98,75.01,-11.68,7,SL,002294
2026-04-08,2026-04-09,2026-04-13,10.14,9.54,9.54,12.26,-6.02,2,SL,600746
2026-04-13,2026-04-14,2026-04-24,42.76,61.44,39.96,61.44,43.53,8,TP,603115
2026-04-13,2026-04-14,2026-04-30,375.88,338.8,338.8,572.27,-9.96,12,SL,601869
2026-04-16,2026-04-17,2026-04-20,14.21,14.7,11.87,14.7,3.33,1,TP,002560
2026-04-20,2026-04-21,2026-04-30,23.08,25.16,19.68,25.16,8.89,7,TP,002645
2026-04-20,2026-04-21,2026-04-27,65.5,60.5,60.5,71.7,-7.74,4,SL,001325
2026-04-21,2026-04-22,2026-04-30,10.59,10.1,10.1,12.68,-4.73,6,SL,002454
2026-04-21,2026-04-22,2026-04-24,55.56,51.9,51.9,65.03,-6.69,2,SL,603757
2026-04-21,2026-04-22,2026-05-18,4.9,4.45,4.45,5.08,-9.28,15,SL,601000
2026-04-21,2026-04-22,2026-04-24,3.04,2.76,2.78,3.32,-9.31,2,SL,002124
2026-04-22,2026-04-23,2026-05-11,74.4324,86.87,65.34,86.87,16.58,9,TP,002947
2026-04-22,2026-04-23,2026-04-29,8.87,8.46,8.46,9.04,-4.73,4,SL,002966
2026-04-22,2026-04-23,2026-04-28,17.99,15.97,15.97,19.4,-11.33,3,SL,002705
2026-04-24,2026-04-27,2026-05-08,16.8,20.6,13.19,20.6,22.48,6,TP,002491
2026-04-24,2026-04-27,2026-05-06,42.55,47.62,38.1,47.62,11.79,4,TP,603063
2026-04-24,2026-04-27,2026-05-22,35.38,34.04,31.23,46.65,-3.89,16,FORCE_CLOSE,603826
2026-04-28,2026-04-29,2026-05-14,18.75,20.8,17.58,20.8,10.81,8,TP,603595
2026-04-29,2026-04-30,2026-05-08,137.3,166.49,115.88,166.49,21.13,3,TP,002281
2026-04-29,2026-04-30,2026-05-11,127.39,153.26,112.48,153.26,20.18,4,TP,003031
2026-04-29,2026-04-30,2026-05-11,35.3,38.85,28.99,38.85,9.94,4,TP,605222
2026-04-30,2026-05-06,2026-05-13,8.45,10.12,7.79,10.12,19.63,5,TP,600707
2026-04-30,2026-05-06,2026-05-13,32.76,30.37,30.37,37.51,-7.4,5,SL,000938
2026-05-06,2026-05-07,2026-05-13,19.34,21.75,17.23,21.75,12.34,4,TP,603890
2026-05-06,2026-05-07,2026-05-22,28.28,27.93,25.33,33.91,-1.35,11,FORCE_CLOSE,600641
2026-05-06,2026-05-07,2026-05-18,11.3,11.03,11.03,12.41,-2.5,7,SL,600919
2026-05-06,2026-05-07,2026-05-19,21.13,19.95,19.95,22.46,-5.69,8,SL,600872
2026-05-06,2026-05-07,2026-05-21,7.55,6.99,6.99,8.21,-7.52,10,SL,002752
2026-05-08,2026-05-11,2026-05-18,11.97,13.86,11.41,13.69,15.66,5,TP,603520
2026-05-08,2026-05-11,2026-05-14,25.07,27.3441,22.907,27.3441,8.95,3,TP,003022
2026-05-11,2026-05-12,2026-05-19,64.6,86.24,53.56,84.67,33.35,5,TP,603115
2026-05-12,2026-05-13,2026-05-22,633.5,674.0,544.93,862.86,6.28,7,FORCE_CLOSE,001309
2026-05-12,2026-05-13,2026-05-15,99.86,95.1,95.1,113.42,-4.87,2,SL,603019
2026-05-13,2026-05-14,2026-05-22,32.18,31.47,28.04,34.71,-2.31,6,FORCE_CLOSE,603978
2026-05-13,2026-05-14,2026-05-18,14.21,13.69,13.69,16.0,-3.77,2,SL,002216
2026-05-13,2026-05-14,2026-05-18,5.95,5.73,5.73,6.45,-3.8,2,SL,002563
2026-05-14,2026-05-15,2026-05-22,2.41,2.63,2.26,2.82,9.01,5,FORCE_CLOSE,002496
2026-05-14,2026-05-15,2026-05-22,13.73,13.09,12.98,15.43,-4.77,5,FORCE_CLOSE,600546
2026-05-14,2026-05-15,2026-05-19,18.6,16.37,16.49,23.4,-12.09,2,SL,002181
2026-05-15,2026-05-18,2026-05-19,21.97,24.16,20.38,24.16,9.85,1,TP,002317
2026-05-15,2026-05-18,2026-05-22,203.79,215.87,180.72,296.17,5.81,4,FORCE_CLOSE,002281
2026-05-15,2026-05-18,2026-05-19,13.65,12.76,12.76,16.25,-6.62,1,SL,603458
2026-05-18,2026-05-19,2026-05-22,174.66,195.65,144.42,256.47,11.89,3,FORCE_CLOSE,603629
2026-05-18,2026-05-19,2026-05-22,7.78,7.86,6.93,8.67,0.92,3,FORCE_CLOSE,603116
2026-05-18,2026-05-19,2026-05-22,15.1,14.81,13.9,15.8,-2.03,3,FORCE_CLOSE,603711
2026-05-18,2026-05-19,2026-05-22,47.78,44.64,41.11,61.31,-6.67,3,FORCE_CLOSE,002903
2026-05-18,2026-05-19,2026-05-21,28.63,26.5,26.5,34.47,-7.54,2,SL,601858
2026-05-19,2026-05-20,2026-05-22,42.4,50.89,38.27,60.9,19.89,2,FORCE_CLOSE,003036
2026-05-19,2026-05-20,2026-05-22,38.87,40.53,34.2,60.49,4.16,2,FORCE_CLOSE,603618
2026-05-19,2026-05-20,2026-05-22,87.83,81.2,76.27,96.44,-7.65,2,FORCE_CLOSE,603400
2026-05-20,2026-05-21,2026-05-22,22.2,22.45,21.24,25.22,1.01,1,FORCE_CLOSE,603776
2026-05-20,2026-05-21,2026-05-22,37.71,35.6,32.98,42.94,-5.7,1,FORCE_CLOSE,002838
2026-05-20,2026-05-21,2026-05-22,22.83,21.41,21.49,27.43,-6.32,1,SL,002803
